,sex,age,race,priors_count,score_factor,felony
1,1,34,0,0,1,1
2,1,24,0,4,1,1
6,1,41,1,14,0,1
8,0,39,1,0,1,0
10,1,27,1,0,1,1
11,1,23,0,3,0,0
12,0,37,1,0,1,0
13,1,41,0,0,1,1
14,0,47,1,1,1,1
15,1,31,0,7,1,1
17,1,25,0,3,0,1
18,1,31,1,6,0,1
19,1,31,1,5,1,1
20,1,64,0,13,0,1
21,1,21,0,1,0,1
22,1,27,1,0,1,0
23,0,21,1,0,1,1
25,1,43,1,1,1,0
27,1,27,0,8,1,1
29,1,26,0,5,0,1
30,1,33,0,0,0,1
31,1,30,1,9,0,1
32,1,32,0,4,0,1
33,1,55,1,0,1,1
36,0,33,1,4,0,0
37,1,24,1,1,1,0
38,1,34,0,21,0,1
39,1,29,1,0,1,0
40,0,21,0,2,0,1
41,1,51,0,2,1,0
42,1,29,1,2,1,0
43,0,51,0,7,1,1
44,1,29,0,0,0,1
45,1,25,1,9,0,0
46,1,35,0,13,0,1
47,1,49,1,0,1,0
49,1,29,0,0,1,1
50,1,29,1,1,1,1
54,1,31,0,15,0,1
55,1,24,0,2,1,1
57,1,49,0,4,1,0
58,1,53,1,8,0,1
59,1,35,0,5,1,1
61,1,27,0,15,0,1
62,1,38,1,4,1,0
63,1,22,0,1,1,1
65,1,29,0,4,0,1
67,1,27,0,6,0,1
69,0,56,0,0,1,0
72,1,39,0,1,1,0
73,1,29,0,5,0,1
74,1,27,1,1,0,1
75,1,40,0,2,1,1
76,1,22,0,1,1,0
77,1,22,1,0,0,1
78,0,26,0,1,1,1
80,1,32,0,0,1,1
81,1,41,0,1,1,0
82,1,30,0,8,0,0
84,1,25,0,14,0,1
86,1,22,0,2,0,1
88,0,35,0,1,1,0
89,1,36,0,9,0,1
90,1,26,1,7,0,1
92,1,25,1,9,0,1
94,0,20,1,0,0,1
95,1,39,1,2,1,1
97,0,54,1,0,1,0
99,1,19,0,1,1,0
101,1,30,0,1,1,1
102,0,39,1,0,1,1
103,1,24,1,8,0,1
104,1,30,1,0,1,1
105,1,31,1,0,0,0
106,0,39,1,1,1,1
108,1,43,1,1,1,1
109,1,21,0,3,0,1
110,1,38,1,5,1,0
111,1,34,1,0,0,1
112,1,33,0,5,0,1
113,1,37,0,3,1,1
114,1,42,1,1,1,1
115,1,41,0,10,0,1
116,1,22,0,0,1,1
117,1,33,0,28,0,1
118,1,31,0,1,0,0
120,1,31,1,13,0,1
121,1,27,0,3,0,1
123,1,52,1,3,0,0
124,1,33,0,19,0,1
127,1,42,1,6,1,1
128,0,25,1,2,1,1
129,1,30,1,1,1,0
132,1,28,1,0,1,0
133,0,24,0,0,1,0
134,0,29,1,10,1,1
135,1,44,1,2,1,0
137,1,32,0,3,0,1
138,1,31,1,2,1,0
139,1,31,0,1,1,0
140,1,59,1,1,1,1
142,0,20,0,1,0,1
143,0,43,1,0,1,0
144,1,38,0,9,0,1
145,1,32,0,11,0,1
146,1,33,0,8,0,0
147,0,31,0,0,1,1
148,0,33,0,7,0,1
149,1,27,0,2,0,1
150,0,20,0,0,0,1
151,0,26,1,0,0,0
152,0,61,0,1,1,1
155,0,32,0,4,0,1
158,0,26,0,2,1,0
160,1,39,1,1,1,0
161,0,30,1,3,0,1
162,1,30,0,1,0,1
163,1,48,1,2,1,0
164,1,22,0,1,1,1
165,1,46,1,6,1,1
167,1,31,1,0,0,1
168,1,25,0,1,1,0
170,0,32,0,5,0,1
172,1,62,0,8,1,1
176,1,28,0,6,0,0
179,1,78,1,1,1,0
180,1,56,1,0,1,1
183,1,22,0,1,0,1
184,1,47,0,23,0,0
185,1,23,0,0,1,0
188,1,66,0,3,1,1
189,1,45,1,8,1,0
192,1,37,0,2,0,0
193,1,39,1,0,1,1
194,1,26,0,9,0,1
195,1,45,1,2,1,1
196,1,23,0,0,1,1
197,1,34,0,2,1,0
198,0,23,0,1,1,0
200,1,50,1,1,1,1
201,0,37,1,0,1,0
202,1,44,1,4,1,0
203,0,35,0,23,0,1
205,1,26,0,2,0,1
206,1,27,0,0,1,0
207,0,28,0,0,0,1
209,0,28,1,7,0,1
210,1,38,0,2,1,1
212,0,28,0,1,0,1
213,1,56,1,7,1,1
214,1,38,0,15,0,1
215,1,28,0,2,0,0
219,0,51,1,0,1,0
220,1,51,1,0,1,0
222,1,48,0,0,1,1
223,1,37,1,4,1,1
224,0,30,0,2,0,1
225,0,41,0,5,0,0
226,1,27,0,11,0,1
227,1,37,0,0,1,0
229,1,54,0,11,0,1
230,1,23,0,2,0,1
232,1,41,0,0,1,0
233,1,52,1,0,1,1
234,1,43,1,13,1,1
235,1,52,0,0,1,1
236,1,28,1,1,1,1
237,1,30,0,11,0,0
238,1,28,1,1,0,1
239,1,22,0,0,1,1
240,1,30,0,4,1,1
242,1,31,1,0,0,1
243,1,37,1,0,1,1
244,1,32,0,14,0,1
246,1,53,1,1,1,0
247,1,28,0,25,0,1
248,1,44,1,8,0,0
249,1,25,0,0,1,1
250,1,22,1,1,0,0
260,0,23,1,5,0,1
262,1,29,0,1,1,0
263,1,20,0,1,0,1
264,1,30,0,2,0,1
266,1,27,0,4,1,1
268,0,37,0,2,1,1
269,1,20,0,0,0,1
271,0,52,0,0,1,1
272,0,23,0,0,1,1
273,0,48,0,0,1,1
275,1,25,1,0,0,1
276,1,27,1,0,0,1
277,1,30,0,11,0,1
278,1,22,0,3,0,0
279,0,22,1,1,1,1
282,0,41,0,2,1,0
285,1,52,0,3,0,1
286,1,43,0,0,1,1
287,1,37,1,3,1,1
289,1,70,1,1,1,0
291,1,46,1,3,1,1
292,1,21,0,0,0,0
293,1,26,0,1,0,0
295,1,34,1,5,1,0
297,1,34,0,5,1,0
298,1,23,1,0,0,1
299,1,34,0,5,1,1
301,1,39,0,6,1,1
304,1,58,1,2,1,1
305,0,21,0,0,0,0
307,1,23,0,4,0,0
308,1,62,1,0,1,1
310,1,37,1,5,1,1
312,0,32,0,5,1,1
314,1,27,0,0,1,0
315,1,44,1,0,1,0
316,1,28,1,3,1,0
317,0,42,1,0,1,1
319,1,27,0,0,1,1
320,1,20,0,0,0,1
321,0,51,1,0,1,0
322,1,56,1,0,1,0
323,1,29,0,7,0,1
324,1,20,0,0,0,1
326,1,27,1,8,0,1
327,1,24,0,2,0,1
328,1,53,1,36,0,1
329,1,28,1,2,1,0
332,0,36,0,0,0,1
333,0,25,1,2,1,0
335,1,28,1,1,0,1
336,0,21,0,0,0,1
337,1,36,1,0,1,0
338,1,24,0,0,1,1
341,1,29,0,0,1,1
342,0,30,1,0,0,0
346,1,32,0,12,0,1
347,1,23,0,1,0,1
348,1,47,0,3,1,1
350,1,37,1,0,1,1
351,1,19,0,2,0,1
354,0,21,1,0,0,1
355,1,69,1,0,1,0
356,1,21,1,2,0,1
357,1,26,0,6,0,0
358,1,22,1,0,1,1
359,0,23,0,0,0,1
360,1,49,0,3,0,1
361,1,29,0,2,1,0
362,0,60,1,0,1,0
364,1,23,0,3,0,1
368,1,30,1,0,1,1
369,1,21,0,1,1,1
370,1,22,1,2,0,0
372,1,21,0,4,0,1
373,1,21,0,0,0,1
374,1,34,1,1,1,0
375,0,50,1,1,1,0
376,1,40,1,0,0,1
377,1,25,0,7,0,1
378,0,53,1,1,1,0
379,0,24,0,0,1,1
380,1,42,0,1,1,1
381,1,28,0,1,1,0
383,1,26,0,6,0,1
384,1,22,0,4,0,1
385,1,21,1,3,0,0
386,1,37,0,23,0,1
387,1,35,0,2,0,1
388,1,53,0,2,1,1
390,1,29,0,7,1,1
391,1,48,1,23,0,1
392,0,52,1,0,1,0
393,1,27,0,12,0,1
394,1,28,0,5,0,1
395,1,33,1,3,1,0
398,1,36,0,14,0,1
399,1,29,0,2,0,1
400,1,22,0,0,0,0
402,1,25,1,0,1,1
404,1,56,0,5,1,1
405,1,27,0,9,0,1
406,1,52,1,4,1,1
407,1,32,0,3,1,1
410,0,39,1,0,0,0
411,1,56,1,0,1,0
412,0,22,0,0,0,1
414,1,53,0,11,0,1
415,1,25,1,0,1,0
417,1,22,1,0,1,1
418,0,58,1,2,1,0
419,1,31,0,7,1,0
420,1,22,1,1,0,1
421,1,28,0,8,0,1
423,1,20,0,0,0,1
424,1,29,1,0,0,0
426,1,58,0,21,0,0
427,1,22,0,3,0,1
429,1,37,1,0,1,1
430,1,57,0,1,0,1
431,1,27,1,3,1,0
432,1,26,0,3,1,1
433,1,24,1,3,0,1
434,1,33,1,0,1,1
435,1,29,0,2,0,1
436,0,24,0,3,0,1
437,1,19,1,1,0,1
438,1,36,1,2,1,0
439,0,24,1,0,0,1
440,1,34,1,0,1,0
442,1,20,0,1,0,1
444,1,24,0,1,1,0
445,1,61,1,4,1,1
446,0,50,0,3,1,1
447,1,30,0,1,1,0
448,1,38,0,5,1,1
449,1,24,1,0,1,0
451,0,46,0,2,0,1
452,1,41,1,0,1,0
454,1,27,0,13,0,0
456,1,26,0,1,0,0
457,1,29,0,3,0,1
458,1,52,1,6,0,1
459,1,28,1,1,1,1
461,1,55,0,5,1,1
462,1,26,0,10,0,1
463,1,28,0,5,0,1
464,1,63,1,2,1,1
465,1,42,0,0,1,1
466,1,23,0,6,0,1
467,1,54,0,28,0,1
468,1,35,0,8,0,1
469,0,24,0,6,0,1
470,1,54,0,2,1,0
471,1,58,0,12,0,0
472,1,23,1,1,0,0
473,1,35,0,1,1,0
474,1,20,0,1,0,1
475,1,51,1,0,1,1
477,1,37,1,3,1,1
478,1,47,1,3,1,1
479,1,34,1,4,0,1
480,1,56,1,0,1,1
482,1,59,1,1,1,1
486,0,24,1,6,0,1
487,1,21,1,2,0,0
490,1,26,0,1,1,1
491,0,30,1,0,1,0
493,1,29,1,0,1,0
494,1,54,0,0,1,0
495,1,29,0,4,1,1
496,0,59,1,0,1,0
497,1,38,0,0,0,1
500,1,27,1,1,1,0
503,1,66,0,33,0,1
504,1,27,1,2,0,1
505,1,51,1,1,1,0
506,1,35,1,1,1,1
508,1,52,1,4,1,0
511,0,26,0,0,1,0
512,0,48,1,0,1,0
515,1,33,0,2,1,0
516,0,34,0,6,1,1
518,1,59,0,10,0,1
519,1,29,0,5,0,1
520,1,24,1,0,1,1
521,1,48,1,1,0,1
523,1,52,0,4,0,0
524,1,20,0,0,1,1
525,1,25,1,4,1,1
526,1,24,1,0,1,1
527,1,23,1,0,0,0
528,1,27,1,6,1,1
529,1,25,0,1,1,0
530,1,31,0,0,1,1
531,1,25,0,6,1,1
532,1,32,1,1,1,1
533,1,21,1,0,1,1
535,1,25,1,0,1,1
537,1,35,0,0,0,1
538,1,42,0,14,0,1
539,1,24,1,9,0,0
542,1,47,1,1,1,0
543,1,27,0,5,0,1
545,1,46,1,2,0,1
546,1,44,0,1,1,0
548,1,23,1,2,1,1
550,1,42,0,8,0,1
551,1,58,0,6,0,1
552,1,26,0,3,0,1
554,1,39,0,3,1,1
555,1,21,0,3,0,1
556,1,63,1,1,1,0
557,1,22,0,3,0,1
558,1,50,0,3,1,0
559,1,38,0,0,1,1
560,1,41,1,1,0,1
561,1,28,0,16,0,1
562,0,30,0,0,1,0
563,1,23,0,1,0,1
564,1,25,1,2,1,1
565,1,40,1,5,1,1
567,1,27,0,5,1,0
568,1,44,1,11,1,0
569,0,35,0,6,1,1
570,1,42,1,0,1,0
571,1,38,0,15,0,1
573,0,25,0,0,1,0
576,0,49,1,2,1,0
577,1,50,1,5,1,1
579,1,66,1,0,1,0
580,0,46,1,0,1,0
581,1,30,0,5,0,1
582,0,22,1,0,1,0
583,1,23,1,1,1,0
590,1,25,0,0,1,0
591,0,21,1,0,0,1
592,1,27,0,0,1,0
595,0,24,1,0,0,1
596,1,20,0,1,1,1
597,1,31,0,3,0,0
598,1,27,0,3,0,0
600,1,40,0,0,1,1
601,1,22,0,11,0,1
602,0,38,0,1,1,1
604,1,30,0,1,0,0
605,1,27,1,6,0,1
607,0,59,1,0,1,0
608,1,37,1,2,1,0
609,1,28,0,5,0,0
610,1,38,1,0,1,1
611,1,22,0,0,0,1
613,1,25,0,4,0,1
614,1,51,1,0,1,0
616,1,29,1,2,1,0
617,1,28,0,10,1,1
619,1,55,0,9,1,0
620,0,23,1,3,0,1
621,0,22,0,0,0,0
622,0,19,1,2,0,1
623,1,31,0,1,1,0
624,1,29,0,0,1,0
625,1,61,0,15,0,1
628,1,20,0,4,0,1
629,1,26,1,3,0,1
630,1,27,1,5,0,0
631,1,25,1,1,0,1
632,1,23,1,3,0,1
633,1,38,0,0,1,1
634,1,27,0,18,0,1
635,0,35,1,0,1,1
637,0,58,0,4,1,1
638,0,57,1,0,1,0
639,1,21,0,0,1,1
640,0,22,0,0,0,1
641,1,30,0,0,1,1
645,1,30,0,8,0,1
646,0,31,0,10,0,1
647,0,45,1,1,0,1
649,1,39,1,2,1,1
650,1,31,0,0,0,1
651,1,22,0,1,1,1
653,1,27,0,13,0,1
654,1,38,1,1,1,1
655,1,31,0,23,0,1
656,1,47,0,20,0,1
657,1,22,0,3,0,1
658,1,35,0,1,0,0
660,1,65,0,2,1,0
661,1,35,0,0,1,0
662,0,33,0,0,1,1
663,1,53,1,1,1,0
665,1,21,0,0,0,1
666,1,37,0,11,1,1
671,0,31,0,0,1,0
672,0,59,1,2,1,1
673,1,27,0,0,1,0
674,1,36,0,0,0,0
675,1,46,0,17,0,1
676,1,22,0,3,0,1
677,0,28,1,0,1,0
678,0,34,1,15,0,1
680,1,23,0,2,0,0
681,1,27,0,3,1,1
683,1,48,1,3,1,1
686,1,31,0,5,0,1
687,1,36,0,4,0,0
689,1,44,0,14,0,1
690,1,53,1,2,1,1
691,1,33,0,3,1,0
694,1,47,1,2,0,1
695,1,57,0,20,0,1
696,1,28,0,2,1,0
697,1,24,0,1,0,0
698,1,44,0,1,1,1
699,1,46,0,0,1,1
700,1,37,0,6,1,1
701,1,26,0,10,0,0
702,1,27,0,10,0,1
703,1,40,1,1,1,1
704,0,60,1,9,1,1
705,1,53,1,1,1,1
707,1,28,0,0,1,1
709,0,46,1,2,0,1
710,1,23,0,0,0,1
713,1,50,0,18,0,1
714,1,45,0,0,1,0
715,1,22,0,1,0,1
716,1,26,1,1,1,1
717,1,62,1,0,1,1
718,1,34,1,0,1,0
720,1,21,1,0,1,0
721,1,25,1,0,1,1
722,1,68,1,0,1,0
724,1,21,1,1,1,1
726,1,22,0,0,0,1
728,1,42,1,1,1,1
729,1,22,1,1,1,1
730,1,45,0,0,1,1
731,0,36,0,4,0,1
732,1,48,0,2,0,1
734,1,23,0,6,0,1
735,1,24,0,0,0,1
736,1,29,0,0,1,1
737,1,24,0,0,1,1
738,1,50,0,11,0,1
739,1,34,0,10,0,1
740,1,23,0,0,1,1
741,0,22,1,0,0,0
743,1,30,1,22,0,1
744,1,21,0,0,0,1
745,0,53,1,0,1,1
747,1,25,0,7,0,0
748,0,25,0,1,0,0
749,1,71,0,8,1,1
750,1,39,0,10,0,0
751,0,37,0,0,0,1
752,1,20,0,0,0,1
753,0,29,0,3,0,1
754,1,22,0,2,0,1
755,1,26,0,4,0,1
757,0,47,0,19,0,1
760,0,20,1,1,0,1
761,0,23,0,0,1,1
764,0,53,0,0,1,1
765,0,23,0,0,0,1
766,1,26,0,5,0,1
767,1,25,0,6,0,1
769,1,27,0,4,0,1
771,1,29,0,1,1,0
774,1,31,0,0,1,0
775,1,41,0,8,0,1
776,1,25,1,0,1,0
777,1,47,1,0,1,0
778,1,37,0,4,1,1
779,0,35,0,4,0,1
780,1,24,1,1,1,0
781,1,21,1,2,0,1
782,1,22,1,0,1,1
783,1,57,0,11,0,1
784,1,48,1,0,0,1
786,0,37,0,3,0,1
787,1,31,1,0,1,0
788,1,22,0,1,0,1
789,1,31,1,2,1,0
790,1,24,0,0,0,1
791,1,32,0,22,0,1
793,1,63,0,0,1,0
797,1,20,1,0,1,1
798,0,24,0,1,0,0
799,0,36,0,1,1,0
801,1,28,1,2,0,1
802,1,36,0,3,1,1
803,0,33,0,0,1,0
804,1,39,0,0,1,1
806,1,30,0,17,0,1
808,1,24,0,1,1,1
811,1,35,0,7,0,1
812,1,24,0,0,1,1
814,1,26,1,8,1,1
816,1,28,0,14,0,1
817,1,32,0,0,0,0
818,0,32,1,1,1,0
819,1,33,0,5,0,0
820,1,29,0,16,0,1
821,1,34,1,1,1,0
823,1,43,1,0,1,0
824,1,47,1,2,1,1
825,1,25,0,3,0,0
826,0,23,0,1,1,1
827,1,39,1,2,1,0
828,1,35,0,13,0,1
831,1,43,0,20,0,1
832,1,25,0,3,0,1
833,1,48,0,25,0,1
834,1,22,0,1,0,0
835,1,52,0,9,0,0
836,1,26,1,5,1,1
837,1,67,0,4,0,0
838,1,34,0,4,1,0
839,1,56,1,4,1,0
840,1,28,0,1,1,1
841,1,29,0,2,1,0
843,1,37,0,6,0,1
845,1,51,1,0,1,1
846,1,20,0,1,0,0
847,1,26,1,4,0,0
848,0,39,1,1,1,0
849,1,21,0,1,0,1
850,1,21,0,1,0,1
851,1,24,1,3,1,1
852,1,26,0,4,0,0
853,1,48,1,1,1,1
854,1,24,0,5,0,1
855,1,26,1,0,1,1
856,1,46,1,0,1,1
858,1,24,0,7,0,0
859,0,21,1,0,0,0
860,1,24,0,1,1,1
862,1,36,0,9,0,0
863,1,30,0,5,1,1
864,0,22,1,1,0,1
865,1,25,0,0,0,1
866,1,31,0,25,0,0
867,1,24,0,0,1,1
868,1,39,0,13,0,1
871,0,30,0,4,1,1
872,1,40,1,0,1,1
873,0,52,0,0,1,1
874,1,23,0,3,0,1
875,0,26,0,1,1,0
876,1,22,1,1,0,1
877,1,42,1,3,1,1
878,1,23,0,6,0,1
880,1,28,0,1,1,1
882,1,50,1,1,1,1
884,1,32,0,1,0,1
886,1,51,0,3,1,1
887,1,19,1,1,1,0
888,1,32,0,4,0,1
889,0,31,1,1,1,1
890,0,29,0,1,0,1
892,1,26,0,9,0,1
893,1,27,1,0,0,1
894,1,52,1,1,1,1
897,1,28,0,3,0,0
898,1,32,0,3,1,1
899,1,27,0,5,1,0
901,0,42,1,0,1,0
902,1,33,0,0,1,1
904,0,28,1,3,1,0
905,0,53,1,0,1,0
906,1,24,1,0,1,1
909,1,39,0,6,0,0
910,1,22,0,1,0,1
911,1,46,0,2,1,1
912,1,25,0,0,1,0
913,1,52,1,1,0,1
914,1,28,0,4,1,0
915,0,57,1,1,1,1
916,1,49,0,3,1,1
917,1,21,0,2,0,1
918,1,32,0,19,0,1
919,1,63,0,3,0,0
920,1,29,1,2,1,1
921,1,46,0,0,1,0
923,1,28,0,10,0,0
924,1,27,0,1,1,1
928,0,33,1,1,1,0
931,1,32,0,14,0,1
932,1,24,0,2,0,1
933,1,26,0,5,0,1
935,1,25,1,1,0,1
936,1,21,0,1,0,1
937,1,25,0,2,1,0
938,1,22,0,6,0,1
939,0,26,1,0,0,1
940,1,20,1,0,1,1
941,1,30,0,1,0,0
942,1,45,0,0,0,1
943,1,33,0,7,0,1
944,1,35,1,2,1,1
945,1,41,1,5,1,1
946,1,23,1,0,1,0
947,0,21,1,0,0,0
948,1,54,0,0,1,1
949,1,27,0,10,0,1
950,1,22,1,0,1,0
952,1,23,0,2,0,1
954,1,36,0,5,0,0
956,1,29,0,10,0,1
957,1,54,0,4,0,0
958,1,22,1,2,0,0
960,1,26,0,0,1,0
961,0,20,0,0,1,1
963,1,52,0,6,1,0
964,1,29,0,0,1,1
965,0,23,0,6,0,0
966,1,35,0,1,1,0
967,1,32,1,8,0,1
968,1,21,0,1,0,0
971,1,30,0,4,1,0
972,0,30,0,3,1,1
973,1,23,0,2,0,1
974,1,32,1,8,1,1
976,1,29,0,6,0,1
977,1,42,1,0,1,0
978,1,21,0,0,0,1
980,0,22,0,0,1,0
982,1,29,0,0,1,0
984,1,30,0,6,0,1
985,1,51,0,17,1,0
989,1,24,1,2,0,1
990,1,23,0,2,0,0
992,1,36,0,5,1,1
997,1,39,0,1,0,1
998,1,29,0,2,0,1
1001,1,44,1,6,1,1
1002,1,25,0,2,0,1
1003,1,31,0,0,0,1
1004,1,35,0,17,0,0
1005,1,27,0,11,0,0
1006,1,33,0,1,0,1
1007,1,28,0,6,0,1
1009,1,60,1,1,1,1
1014,0,54,0,0,1,1
1016,1,24,1,3,1,0
1019,0,75,0,5,1,1
1020,1,36,0,16,0,1
1023,0,25,0,5,0,0
1024,1,46,1,0,1,1
1025,1,27,0,1,1,1
1027,1,28,0,3,1,0
1028,1,42,0,13,0,0
1029,1,59,0,2,1,0
1030,1,39,1,1,1,1
1031,1,46,1,5,1,0
1033,1,55,1,2,1,1
1034,1,35,0,1,0,0
1035,1,43,0,0,1,0
1036,0,53,1,0,1,0
1037,0,21,0,0,0,0
1038,1,55,0,17,0,1
1039,1,27,0,1,1,1
1040,1,40,0,0,1,1
1041,0,37,1,0,1,0
1042,1,32,1,2,1,0
1043,1,32,0,2,1,0
1044,1,36,0,4,0,0
1046,0,31,0,0,0,1
1047,0,26,0,4,0,1
1048,0,50,1,30,0,0
1049,1,47,0,4,1,1
1050,1,36,0,2,1,1
1051,0,38,1,0,1,1
1053,1,53,1,0,1,1
1054,1,53,0,2,1,1
1055,1,57,0,19,0,1
1056,1,22,0,5,0,1
1057,1,21,0,0,0,1
1058,1,26,0,0,1,1
1060,1,27,0,2,0,1
1061,0,49,1,4,0,1
1062,1,47,1,1,1,1
1063,1,30,0,8,0,1
1064,1,44,1,3,1,1
1065,1,34,0,1,1,1
1066,1,45,0,10,1,1
1068,1,50,1,2,1,0
1069,1,29,1,1,0,0
1070,1,26,1,0,1,1
1072,0,22,0,1,0,1
1074,1,49,1,0,1,1
1075,1,49,0,1,1,1
1076,1,59,1,2,1,1
1077,1,32,1,6,0,0
1078,1,24,0,1,1,0
1080,1,32,0,0,1,1
1082,1,27,0,9,0,1
1084,1,25,1,2,0,0
1087,1,20,1,0,0,0
1088,1,37,0,18,0,0
1089,0,30,1,5,0,1
1090,1,23,0,1,0,1
1091,0,20,0,0,0,1
1096,1,50,1,8,1,1
1097,1,50,0,7,1,1
1098,1,40,1,3,1,1
1100,0,24,1,2,0,1
1102,0,23,0,3,0,1
1104,1,54,1,3,1,0
1105,1,25,1,4,0,0
1106,1,46,1,1,1,0
1109,0,22,1,0,1,0
1110,0,32,1,1,1,1
1111,1,25,0,0,1,0
1113,1,33,0,16,0,1
1116,1,33,0,4,0,0
1117,1,24,0,0,1,1
1118,1,33,0,12,0,0
1119,1,37,1,0,1,0
1120,0,40,1,0,1,0
1122,1,43,0,9,0,1
1124,1,35,0,5,0,1
1125,1,25,0,11,0,1
1126,1,61,0,1,1,1
1129,0,52,0,1,1,1
1131,1,39,0,1,1,0
1132,1,47,0,5,1,1
1134,0,52,1,6,0,0
1136,1,37,1,0,1,0
1137,0,24,0,0,0,1
1138,0,34,0,14,0,1
1141,1,25,1,1,1,0
1143,0,62,1,0,1,0
1144,1,23,1,0,1,1
1145,0,60,1,0,0,1
1146,1,35,1,0,1,0
1147,0,24,0,0,0,1
1149,1,30,1,0,1,0
1151,1,35,1,4,0,1
1152,0,28,1,0,1,0
1154,1,56,0,0,1,1
1155,1,23,0,2,1,1
1158,1,23,1,1,1,0
1159,1,21,0,0,0,1
1161,0,35,0,2,0,1
1162,1,33,1,3,1,0
1164,1,41,0,9,0,0
1165,1,24,0,0,0,1
1167,1,28,0,9,0,1
1169,1,49,0,3,1,1
1171,1,21,0,0,1,1
1172,0,27,0,3,0,1
1174,1,50,0,4,0,0
1175,0,23,0,0,1,0
1176,1,34,1,0,1,0
1178,1,25,0,4,0,1
1179,0,33,1,2,0,1
1183,0,29,1,11,0,1
1184,0,32,0,6,1,1
1186,1,52,0,3,1,1
1187,0,26,1,3,1,0
1188,1,31,1,2,1,1
1192,0,30,1,0,0,1
1193,1,20,0,0,0,0
1196,1,31,1,0,1,1
1198,0,37,1,1,1,0
1200,1,49,1,8,0,1
1201,0,33,0,1,1,1
1203,1,42,0,0,1,0
1204,1,44,1,0,1,1
1205,1,28,0,5,0,1
1206,1,32,0,4,0,1
1207,1,28,0,7,0,1
1208,1,38,1,0,1,1
1209,1,38,0,3,1,1
1211,0,34,0,0,1,0
1212,1,21,1,1,0,1
1213,1,36,0,1,0,1
1214,1,29,0,0,1,0
1215,1,34,0,3,0,1
1216,1,38,0,1,1,0
1217,1,36,1,0,1,1
1219,1,23,0,0,0,0
1220,1,47,1,0,1,0
1221,1,20,0,0,1,1
1222,0,25,0,2,0,1
1223,1,35,0,0,1,0
1225,0,28,1,1,1,0
1228,1,24,0,2,0,0
1229,1,22,0,0,0,1
1235,1,60,0,12,1,1
1236,1,33,0,6,0,0
1237,1,34,0,2,1,0
1238,1,24,1,4,0,0
1239,1,27,0,0,1,0
1240,1,29,0,4,0,1
1241,1,21,1,1,0,1
1244,0,42,1,0,1,1
1245,1,32,0,1,1,1
1247,1,30,1,3,1,0
1248,1,22,0,1,1,1
1249,1,20,1,0,0,0
1250,1,57,1,0,1,0
1251,1,51,1,3,1,1
1252,1,21,0,0,1,1
1253,1,22,0,0,0,1
1254,1,35,0,4,0,1
1256,1,58,1,2,1,1
1257,0,32,1,0,1,1
1259,1,30,1,9,0,0
1260,1,20,0,0,0,1
1262,0,45,1,5,1,0
1263,1,31,0,4,1,1
1266,0,53,1,1,1,0
1267,1,44,1,0,1,0
1268,0,44,1,1,0,0
1269,1,21,1,0,1,1
1270,1,28,0,0,1,0
1271,1,28,1,2,1,0
1272,1,24,0,0,1,1
1273,1,28,0,0,1,1
1274,1,53,1,4,1,1
1276,1,20,0,1,1,1
1277,1,21,0,0,0,0
1279,1,37,1,1,1,0
1282,1,30,1,0,1,0
1283,1,26,1,2,0,1
1284,0,26,0,5,0,1
1286,0,39,0,1,1,1
1288,1,44,0,2,0,1
1289,1,45,1,0,1,0
1290,1,30,0,1,1,1
1292,1,23,1,6,0,1
1295,1,42,0,0,1,1
1298,1,54,1,4,1,0
1299,1,47,0,7,1,1
1301,1,26,1,0,0,1
1302,1,29,1,7,0,0
1303,1,51,1,7,1,1
1304,1,44,0,0,1,0
1305,1,49,1,12,0,0
1306,1,22,0,0,0,1
1307,1,32,0,4,1,0
1308,1,27,0,0,1,0
1309,1,30,1,0,1,0
1314,0,51,1,5,0,1
1315,1,27,0,4,1,1
1316,1,32,0,0,0,1
1317,1,43,0,2,1,1
1319,1,37,1,2,1,1
1320,1,26,0,0,1,1
1322,1,26,0,0,1,0
1325,0,58,0,4,1,1
1327,0,22,1,1,1,0
1329,1,21,0,2,0,1
1331,1,31,1,0,0,1
1332,1,43,1,2,1,1
1333,1,23,0,0,0,0
1334,1,25,1,0,1,1
1335,1,22,0,6,0,1
1336,1,30,0,6,1,1
1337,1,25,0,15,0,1
1338,1,20,0,0,0,1
1341,1,33,0,1,1,1
1342,1,59,0,1,1,1
1344,1,53,0,8,0,1
1345,1,34,1,2,1,0
1346,1,36,1,6,1,1
1347,1,23,0,0,1,1
1348,1,32,0,2,0,0
1349,1,32,0,11,0,0
1352,0,24,1,0,0,0
1353,1,30,0,7,0,1
1354,1,28,0,1,0,0
1355,1,43,1,4,0,1
1356,1,35,0,3,1,0
1357,1,19,0,2,0,1
1359,1,22,0,1,0,0
1360,1,29,0,0,1,1
1361,0,23,0,0,1,0
1363,0,33,1,0,1,0
1364,1,35,0,1,1,0
1365,1,53,1,0,1,1
1366,1,59,1,17,0,1
1367,0,48,1,0,1,0
1368,0,33,0,1,1,1
1369,1,44,1,0,1,0
1370,1,31,1,10,1,1
1371,1,28,0,2,1,1
1374,1,23,0,0,0,1
1376,1,26,1,0,0,1
1377,1,22,0,3,0,1
1378,1,29,0,0,1,0
1379,1,20,0,2,0,1
1380,1,44,1,0,1,0
1381,1,41,0,2,0,1
1382,0,28,0,4,1,1
1383,1,27,1,1,0,0
1384,1,31,1,7,1,0
1387,1,26,0,3,1,1
1388,1,20,0,0,1,1
1389,1,55,1,2,1,0
1390,1,36,0,0,0,1
1393,1,23,0,1,0,0
1394,1,34,0,19,0,1
1395,0,59,1,1,1,1
1396,1,37,1,0,1,1
1397,0,28,1,0,1,1
1399,1,31,0,0,1,1
1400,0,38,0,14,0,1
1401,1,33,0,0,1,1
1402,1,27,0,3,0,1
1403,1,25,1,2,1,0
1404,0,42,0,2,1,1
1405,1,22,0,3,0,1
1408,1,45,1,1,0,1
1409,0,21,0,1,1,0
1410,1,52,1,2,1,0
1411,1,29,1,0,1,0
1412,0,37,0,0,1,0
1413,1,34,1,0,1,1
1414,1,53,0,0,1,0
1415,0,30,0,8,0,1
1417,1,28,1,1,1,1
1418,1,21,0,1,0,1
1419,1,22,0,1,0,1
1420,1,42,1,1,1,0
1421,1,26,0,3,1,1
1422,1,54,0,9,1,0
1424,1,30,0,20,0,1
1425,0,26,0,1,0,1
1426,1,41,0,0,1,0
1427,1,23,1,5,0,0
1428,1,43,1,1,1,1
1429,1,22,0,0,1,0
1431,0,27,1,6,1,1
1432,0,42,0,2,1,0
1433,1,25,0,8,0,1
1434,1,49,0,4,1,0
1436,1,52,1,1,1,1
1437,0,60,1,2,1,1
1438,0,23,0,0,0,0
1439,1,30,0,2,0,0
1440,1,48,0,9,0,1
1441,1,32,0,2,0,1
1443,1,24,0,5,0,1
1445,1,22,0,3,0,1
1446,1,44,0,2,1,1
1447,1,32,1,3,1,1
1448,0,27,0,1,1,0
1449,1,52,0,15,1,0
1450,1,61,1,3,1,0
1451,1,69,0,3,1,0
1453,0,21,1,1,0,1
1454,1,31,1,2,0,0
1455,1,19,0,3,1,1
1456,1,24,0,12,0,0
1457,1,24,1,3,0,1
1459,1,30,1,6,0,1
1460,1,43,0,4,1,1
1461,1,24,0,4,0,1
1462,0,30,1,7,0,0
1463,1,25,0,5,0,1
1465,0,56,1,1,0,1
1466,1,21,0,1,0,1
1467,1,31,0,6,0,1
1468,0,23,0,1,0,1
1469,1,30,0,15,0,1
1471,1,64,1,0,1,1
1472,0,21,1,0,0,1
1473,1,36,0,5,1,1
1474,0,50,0,1,1,1
1475,1,23,0,0,1,0
1477,0,25,1,5,0,1
1481,1,54,1,14,1,0
1483,1,25,1,5,0,0
1484,1,63,1,0,1,0
1485,1,35,0,2,0,0
1489,1,25,0,8,0,0
1490,1,33,1,0,1,0
1491,1,29,0,7,1,1
1493,1,37,0,12,0,0
1494,0,20,1,3,0,0
1495,1,32,0,1,1,1
1496,1,72,1,1,1,0
1497,1,38,1,0,1,1
1498,1,40,1,0,1,1
1499,1,23,1,0,1,1
1500,1,21,1,5,0,1
1501,1,27,1,4,0,1
1502,1,55,1,13,0,1
1504,0,41,1,0,1,0
1505,1,56,1,1,1,0
1506,1,55,1,11,0,0
1508,1,28,0,3,1,1
1511,1,53,1,0,1,0
1512,1,27,0,6,0,1
1513,1,22,1,0,0,1
1514,0,22,0,0,1,1
1515,1,33,0,7,0,0
1516,1,34,0,15,0,1
1518,1,32,0,12,0,1
1519,1,47,0,14,0,1
1521,1,25,0,14,0,1
1522,1,56,1,0,1,1
1524,1,28,0,4,0,1
1525,1,20,0,2,0,1
1528,0,29,0,11,0,1
1529,1,72,1,3,1,1
1530,0,24,0,2,0,0
1531,1,45,0,3,0,1
1532,1,30,0,7,0,0
1533,1,45,0,0,1,0
1534,1,47,1,0,1,0
1535,1,24,0,0,1,1
1536,1,20,0,0,1,0
1537,1,51,1,6,1,1
1540,0,49,1,2,1,0
1541,1,41,1,5,1,1
1542,1,49,1,1,1,1
1545,0,28,0,0,1,0
1546,1,33,1,2,1,0
1547,1,46,0,0,0,1
1548,1,21,0,0,1,0
1549,1,26,0,14,0,1
1552,1,58,0,24,0,1
1554,0,20,0,2,0,1
1555,1,28,0,0,1,0
1556,1,21,1,0,0,1
1558,1,34,0,3,1,0
1559,1,32,0,15,0,1
1560,1,38,0,10,1,1
1561,1,22,0,0,1,1
1562,1,42,1,2,0,1
1563,0,57,1,0,1,0
1564,0,56,1,1,1,1
1566,1,30,0,11,0,1
1567,1,29,0,2,1,0
1568,1,46,0,15,0,1
1570,0,24,0,0,1,1
1571,0,70,0,1,1,1
1573,0,45,1,1,1,0
1575,0,39,0,6,0,1
1576,1,25,1,6,1,1
1579,1,46,1,0,1,1
1580,1,28,1,0,1,0
1582,1,27,0,1,1,1
1583,1,43,1,11,0,1
1585,1,30,0,9,0,1
1587,1,29,1,1,1,1
1588,1,54,0,8,1,1
1589,0,20,1,0,1,1
1590,1,29,0,0,1,1
1595,1,24,0,8,0,1
1597,1,45,0,2,0,0
1598,1,31,0,5,0,1
1599,1,23,1,0,1,1
1600,1,21,0,0,0,1
1601,1,61,1,0,1,0
1602,0,51,1,5,0,0
1604,1,43,1,9,0,1
1606,1,36,0,0,0,1
1607,1,58,1,3,1,1
1609,1,57,0,12,0,1
1610,1,37,0,2,0,1
1611,1,44,0,6,0,1
1615,1,45,0,8,0,1
1617,1,26,0,13,0,1
1618,1,34,1,9,0,1
1619,1,25,0,0,1,1
1620,1,31,0,8,0,0
1621,1,43,0,1,1,1
1622,1,30,0,0,1,0
1623,1,50,1,0,1,0
1624,0,31,0,2,1,1
1625,0,33,1,7,0,0
1626,1,32,0,1,0,1
1627,0,46,1,0,1,0
1629,1,37,0,8,0,1
1630,0,32,1,6,0,1
1631,0,23,0,2,0,1
1632,1,21,1,0,0,1
1635,1,49,1,2,1,0
1636,1,55,1,3,0,1
1637,1,22,0,0,1,1
1639,0,31,0,7,0,1
1640,1,22,1,0,1,0
1641,1,28,0,5,0,0
1642,1,21,0,1,0,1
1644,1,30,0,21,0,1
1645,1,22,0,13,0,1
1646,1,35,0,23,0,1
1647,1,28,0,11,0,1
1648,1,24,0,1,1,1
1651,1,32,0,24,0,1
1653,0,24,0,1,0,1
1654,1,57,0,19,1,1
1656,1,28,1,0,1,1
1657,1,51,1,0,1,0
1659,1,26,0,0,1,0
1660,1,20,0,0,0,1
1661,1,25,0,6,0,0
1662,1,19,1,0,0,0
1663,1,49,1,1,1,1
1664,1,57,0,27,0,0
1665,0,27,0,0,1,0
1666,1,66,1,1,1,0
1668,1,21,1,0,1,1
1669,1,45,1,1,1,1
1671,1,37,0,24,0,1
1672,1,44,1,13,0,1
1673,1,64,0,0,1,1
1674,1,30,0,1,0,1
1675,1,61,0,1,1,0
1677,0,49,1,8,1,1
1678,1,23,0,0,0,1
1680,1,21,1,0,0,1
1681,0,30,1,2,0,1
1684,1,27,0,2,0,0
1685,1,38,1,1,0,0
1686,1,48,0,14,0,1
1687,1,26,1,0,1,0
1688,1,24,0,4,0,1
1689,0,28,0,2,0,1
1690,0,44,1,4,0,1
1691,1,23,1,2,0,1
1692,0,34,1,1,0,1
1693,1,20,1,1,0,1
1695,0,36,0,0,1,0
1696,1,58,1,1,1,1
1699,0,35,1,4,1,1
1700,1,23,0,3,0,1
1701,1,40,1,1,1,1
1704,1,23,0,3,0,0
1705,1,27,1,0,1,0
1706,0,26,0,3,0,1
1707,1,49,0,1,1,1
1710,1,47,0,6,1,1
1711,1,34,0,7,0,1
1713,1,27,0,10,0,1
1714,0,52,1,0,1,0
1715,1,26,0,0,1,0
1716,1,25,0,9,0,1
1717,1,51,0,1,1,1
1718,0,29,0,1,1,0
1720,1,46,1,0,1,1
1721,1,28,1,6,1,1
1722,1,57,0,0,1,1
1724,1,34,0,27,0,1
1725,1,27,0,3,1,1
1726,1,25,0,7,0,0
1727,1,31,1,1,0,1
1728,1,37,0,8,1,1
1729,1,51,0,0,1,1
1731,1,28,0,8,0,1
1732,1,56,1,4,1,1
1733,1,45,0,15,0,1
1734,1,26,1,7,0,1
1735,1,33,1,7,0,1
1736,1,23,1,0,1,0
1737,1,31,0,0,1,0
1740,1,32,1,0,1,1
1741,1,30,1,1,1,0
1743,1,66,1,1,1,1
1744,0,40,0,0,1,1
1745,1,59,0,4,1,0
1747,1,27,0,3,0,0
1748,1,22,0,0,1,1
1749,1,58,1,1,1,1
1751,1,29,1,2,1,1
1754,1,27,0,0,0,1
1756,1,24,1,0,0,1
1757,0,35,1,3,1,1
1759,1,29,0,7,0,1
1760,1,30,0,5,0,1
1761,1,23,0,1,1,1
1762,1,32,1,2,1,1
1763,1,22,1,2,0,1
1764,1,21,0,0,1,0
1765,0,43,1,0,1,0
1766,1,29,0,0,0,1
1767,1,43,0,1,1,1
1768,1,25,0,1,1,1
1769,1,47,1,0,1,0
1770,0,21,0,0,0,1
1772,1,54,1,0,1,0
1773,1,34,0,3,1,1
1774,0,28,0,2,1,0
1775,0,53,1,4,1,1
1776,1,54,0,0,1,0
1778,1,34,0,2,1,1
1780,0,60,1,0,1,1
1781,1,22,0,0,1,1
1782,1,51,0,3,0,1
1783,1,29,0,0,1,1
1786,1,28,0,5,0,0
1787,1,33,1,0,1,1
1788,1,43,1,4,1,0
1790,1,32,1,5,0,1
1791,0,35,0,0,1,1
1792,1,23,0,1,1,1
1796,1,25,0,4,0,1
1797,1,69,1,6,1,1
1801,1,47,0,23,0,1
1803,1,29,0,13,0,1
1805,1,26,0,9,0,1
1809,1,28,1,0,0,1
1810,1,48,1,1,1,0
1812,1,44,1,0,1,0
1813,1,42,0,7,0,0
1814,1,39,0,5,0,1
1816,1,55,1,0,0,0
1817,1,27,0,5,0,1
1818,0,31,1,0,0,0
1819,1,25,0,0,1,1
1820,1,32,1,6,0,0
1821,1,36,0,2,0,1
1822,1,21,0,3,0,1
1823,1,39,1,2,1,0
1824,0,26,0,0,1,0
1825,1,28,0,8,0,1
1826,1,67,1,2,1,0
1828,1,37,1,3,1,0
1829,1,23,0,2,0,0
1830,0,49,0,14,0,0
1831,1,32,1,9,0,0
1832,1,41,1,9,0,0
1833,1,25,0,1,1,0
1835,1,58,1,0,1,0
1836,1,44,0,19,0,0
1837,1,28,0,1,1,1
1838,0,39,0,0,0,1
1839,1,54,1,0,1,1
1841,1,43,1,0,1,0
1842,1,31,0,5,0,0
1843,1,30,0,11,0,1
1844,1,27,1,4,1,0
1845,1,28,0,0,1,0
1846,1,24,0,0,0,0
1847,1,43,1,0,1,0
1848,1,44,0,10,1,0
1852,1,23,0,0,1,1
1854,1,36,1,5,1,0
1855,1,27,1,1,0,1
1856,1,24,0,0,0,1
1857,1,66,1,0,1,0
1858,0,36,1,3,1,1
1860,1,23,1,1,1,1
1861,0,22,0,0,0,0
1863,1,56,0,4,1,1
1867,0,58,0,3,1,0
1868,1,24,1,3,0,0
1869,1,22,0,0,1,1
1870,1,39,1,0,1,0
1872,1,46,1,10,0,1
1873,1,38,1,1,1,1
1874,1,23,1,0,0,0
1876,1,25,0,0,0,1
1877,1,31,0,19,0,1
1878,0,25,0,1,1,0
1879,1,26,0,6,0,1
1880,1,25,0,2,0,1
1881,1,37,1,11,0,1
1882,1,36,0,0,1,1
1883,1,26,0,1,0,1
1885,1,35,0,7,1,1
1886,1,22,0,2,1,1
1887,1,25,1,0,1,1
1890,1,24,0,2,0,0
1891,1,21,0,0,0,1
1892,1,32,1,15,0,1
1893,1,33,0,2,1,0
1894,1,33,0,10,0,1
1896,1,29,1,0,1,0
1897,1,50,1,8,1,1
1899,1,33,0,14,0,1
1900,1,37,0,13,0,1
1901,1,27,0,9,0,1
1902,1,27,0,0,1,0
1905,1,58,0,1,1,1
1906,1,27,0,4,0,1
1908,1,28,1,1,0,1
1909,0,31,1,0,1,0
1911,1,24,0,3,0,0
1912,1,26,0,6,0,1
1913,1,43,1,0,1,0
1915,1,22,0,3,0,1
1916,1,23,0,0,0,1
1917,1,42,1,0,1,0
1919,1,30,0,18,0,0
1920,1,29,0,1,0,1
1921,1,38,1,2,1,1
1922,1,26,1,3,1,0
1924,1,51,0,5,0,0
1927,1,23,0,0,1,1
1928,1,34,0,7,0,1
1929,1,35,0,1,1,0
1930,1,22,1,0,1,1
1931,1,29,0,10,0,0
1932,1,40,0,0,1,1
1933,1,36,0,2,1,1
1934,1,26,0,8,0,1
1935,1,25,0,1,1,1
1936,1,69,1,0,1,0
1937,1,27,0,1,1,1
1938,1,20,1,0,0,1
1939,1,27,0,1,1,1
1940,0,24,0,6,0,0
1941,1,42,1,0,1,1
1942,1,25,1,1,1,1
1944,1,25,0,0,1,1
1945,1,22,0,0,1,1
1946,1,21,1,0,1,1
1947,1,30,0,1,1,0
1948,1,46,1,9,0,0
1949,1,26,0,2,0,0
1950,1,33,0,0,0,1
1951,1,40,0,1,1,0
1952,1,34,1,0,1,1
1953,1,22,1,1,1,1
1955,1,31,0,4,1,0
1956,1,59,1,3,1,0
1958,1,50,0,0,1,1
1960,1,57,0,8,0,1
1961,1,31,0,5,0,0
1963,1,44,0,9,0,1
1964,1,48,0,5,0,1
1965,0,25,1,0,1,1
1966,1,51,0,5,1,0
1967,1,50,1,0,1,1
1968,1,57,1,2,1,1
1969,1,55,1,0,1,0
1970,1,59,0,4,1,1
1971,0,42,0,0,1,1
1975,1,32,0,21,0,1
1977,1,42,0,1,1,1
1978,1,29,0,8,0,1
1979,1,21,0,1,0,1
1982,1,58,1,0,1,0
1983,1,22,0,1,0,1
1984,1,46,1,1,1,0
1985,1,50,1,0,1,0
1986,1,46,0,2,0,1
1987,0,44,0,11,0,1
1988,1,35,0,4,0,0
1989,1,30,0,14,0,1
1990,1,42,0,2,0,1
1991,1,46,0,5,1,1
1992,1,42,0,0,0,1
1994,1,29,1,7,0,1
1995,1,32,0,8,1,1
1997,0,33,0,1,1,0
1998,1,25,1,4,1,1
1999,0,33,0,0,1,0
2002,1,35,1,1,1,1
2003,1,56,0,1,1,1
2004,1,38,1,0,1,0
2005,0,40,0,4,1,0
2007,1,28,0,4,1,1
2008,1,51,0,0,1,0
2009,1,35,0,2,1,0
2010,1,61,0,5,1,1
2011,1,25,0,0,1,1
2012,1,25,0,4,0,1
2013,1,26,0,0,0,0
2014,1,42,1,1,1,0
2015,0,25,0,1,1,1
2016,1,26,0,13,0,0
2017,1,31,0,9,0,1
2018,1,35,1,1,1,1
2020,1,34,1,0,1,1
2022,0,33,1,1,1,0
2023,1,30,0,3,1,1
2024,0,50,0,7,1,0
2025,1,21,0,0,0,1
2027,1,31,0,2,0,1
2028,0,23,0,0,1,0
2029,1,25,0,1,0,1
2030,0,24,1,1,0,1
2031,1,31,0,13,0,0
2032,1,60,0,0,1,1
2033,1,30,0,2,1,1
2035,1,46,1,0,1,0
2036,1,21,1,0,1,0
2038,1,35,0,0,0,1
2042,1,23,0,1,0,1
2043,1,23,0,3,0,1
2044,1,28,0,2,1,0
2046,1,46,1,2,1,0
2047,1,56,0,1,1,1
2051,1,24,0,1,1,0
2053,0,33,1,0,1,0
2054,1,48,1,2,0,0
2055,1,33,0,11,0,1
2059,1,30,0,7,0,1
2061,0,43,1,7,0,1
2062,1,32,1,0,1,1
2065,1,49,1,4,1,1
2066,1,24,1,0,1,1
2067,1,26,0,1,0,1
2068,1,42,1,0,1,1
2069,1,22,0,1,0,1
2071,1,29,1,7,0,0
2072,1,39,1,0,1,0
2073,1,27,0,13,0,1
2074,1,38,1,2,0,1
2075,1,20,1,0,1,1
2076,1,25,0,4,0,1
2077,1,53,1,0,1,0
2078,0,27,0,0,0,0
2080,1,50,1,1,1,0
2081,1,41,0,4,0,1
2083,1,22,1,5,0,1
2084,1,22,1,0,0,1
2085,1,25,0,2,0,1
2086,1,42,0,1,1,1
2090,1,24,0,0,1,1
2091,1,37,0,4,1,1
2092,1,37,1,0,1,0
2095,1,35,0,1,1,1
2096,0,24,1,0,0,1
2098,1,49,1,2,1,0
2099,1,38,0,9,0,1
2101,0,30,0,0,1,0
2102,1,22,0,3,0,1
2103,1,25,0,0,0,1
2105,1,52,1,0,1,0
2106,1,26,1,0,1,1
2109,1,45,1,9,0,1
2110,1,20,0,0,0,1
2111,1,29,0,4,0,1
2112,1,43,1,1,0,1
2113,1,26,1,2,0,1
2114,0,46,0,4,1,1
2115,0,46,0,0,1,1
2117,1,29,0,12,0,1
2118,1,41,1,0,1,0
2120,0,25,0,5,0,1
2121,1,23,0,2,0,1
2123,1,30,1,0,1,0
2124,1,34,1,1,0,1
2125,1,70,1,11,1,1
2126,1,52,1,2,1,1
2127,1,51,0,4,1,0
2129,1,55,0,21,0,1
2130,0,49,1,1,1,1
2132,0,47,1,0,1,1
2133,1,27,0,0,1,0
2134,1,25,1,5,0,0
2135,1,21,0,1,0,1
2136,1,37,0,26,0,1
2137,1,21,0,1,0,1
2138,1,21,0,0,0,1
2139,1,25,0,4,0,1
2140,0,27,0,3,0,1
2141,1,30,1,3,1,1
2142,1,70,1,0,1,0
2143,1,37,1,11,0,1
2144,1,46,0,5,0,1
2147,1,43,0,18,1,1
2148,1,38,0,15,0,1
2149,1,29,0,0,1,1
2150,1,37,0,8,1,0
2152,0,27,1,0,1,1
2155,1,31,1,6,0,0
2156,1,29,0,3,1,1
2158,0,30,0,0,1,0
2159,0,25,1,2,0,1
2160,1,40,0,3,1,1
2162,1,33,1,1,1,0
2163,1,26,1,5,0,1
2165,1,61,1,1,1,0
2166,1,30,1,2,1,1
2167,1,62,1,0,1,0
2168,0,27,1,4,0,0
2169,1,48,1,9,0,1
2170,0,40,1,0,1,1
2171,1,24,1,0,1,1
2172,1,22,0,0,1,1
2173,1,30,0,4,0,0
2174,1,63,1,0,1,0
2176,1,33,0,4,0,1
2178,1,43,1,0,1,0
2179,1,26,0,3,0,1
2180,1,51,0,1,1,1
2181,1,39,1,3,1,1
2183,1,32,0,14,0,1
2184,1,22,0,0,0,0
2185,1,59,1,0,1,1
2186,1,38,0,37,0,0
2187,1,23,0,2,0,1
2188,1,42,0,0,1,0
2190,1,38,0,2,0,1
2191,0,34,1,2,1,1
2192,0,36,0,7,1,1
2194,1,36,0,0,1,0
2195,1,31,0,1,1,1
2196,0,28,0,3,1,1
2197,1,28,0,1,1,1
2199,1,43,0,0,1,1
2200,1,40,0,1,1,1
2201,1,31,0,15,0,1
2202,1,54,0,6,0,1
2204,1,24,0,17,0,1
2206,1,21,0,1,0,1
2208,1,22,0,0,1,1
2213,0,45,0,1,1,1
2214,1,29,0,1,1,0
2215,1,46,0,10,0,1
2216,1,21,1,1,0,1
2218,1,35,1,6,0,1
2219,1,52,0,1,1,0
2220,1,48,1,0,1,0
2221,0,29,0,9,0,0
2222,1,48,1,0,1,0
2223,1,31,0,10,0,1
2224,1,21,1,3,0,1
2226,1,47,0,0,0,0
2228,1,21,0,3,0,1
2229,1,35,0,13,0,1
2230,1,46,0,3,1,0
2231,1,34,0,5,1,1
2232,1,52,0,2,1,1
2234,1,21,1,0,0,0
2235,1,53,1,1,1,0
2236,0,19,1,0,1,1
2237,1,22,0,0,0,0
2238,1,45,0,1,1,1
2239,0,27,1,0,1,1
2240,1,25,1,0,1,0
2241,1,30,1,0,1,1
2242,1,31,0,2,0,1
2243,1,28,1,3,1,1
2244,1,36,0,3,1,0
2245,1,27,0,7,0,1
2246,1,42,0,1,1,1
2247,1,35,1,0,0,1
2248,0,33,1,2,1,1
2250,1,25,0,21,0,1
2251,0,42,1,0,1,0
2252,1,21,0,0,0,1
2253,0,28,0,0,1,0
2254,1,27,0,25,0,1
2255,0,21,1,0,0,1
2256,1,26,1,0,0,0
2257,1,36,1,0,1,1
2259,1,49,1,0,0,1
2261,1,44,1,0,1,1
2262,1,28,1,1,1,0
2264,0,35,0,12,0,1
2267,1,34,0,3,1,1
2268,1,45,0,15,1,1
2269,1,28,0,9,1,1
2270,0,25,0,1,1,1
2271,1,21,0,1,0,0
2272,1,48,0,1,1,1
2273,1,37,1,1,1,0
2274,1,24,0,3,0,1
2275,1,37,1,1,1,0
2276,1,39,1,1,1,1
2277,1,24,1,1,0,1
2280,1,23,0,1,1,1
2282,1,43,1,5,0,1
2283,1,28,0,6,0,0
2285,1,53,0,1,1,0
2286,0,27,0,2,1,0
2287,1,39,1,0,1,0
2288,1,47,0,22,0,1
2289,1,28,0,4,1,1
2291,1,36,1,2,1,1
2292,0,24,0,1,0,1
2294,1,23,0,3,0,1
2295,1,26,0,2,1,1
2296,1,31,0,7,1,1
2297,0,30,0,14,0,1
2298,1,25,1,2,0,0
2299,1,24,0,6,0,1
2301,1,26,0,2,1,0
2304,0,20,0,0,0,1
2306,1,23,1,0,1,1
2307,1,26,0,5,0,1
2308,1,40,1,4,1,0
2312,1,19,0,1,0,1
2313,1,53,1,1,1,1
2315,0,24,0,0,1,1
2317,0,33,1,2,1,1
2318,1,26,1,8,0,1
2320,1,32,1,2,1,1
2321,1,25,1,0,1,1
2322,1,21,0,1,1,1
2323,1,38,0,3,0,1
2324,1,23,1,0,1,1
2326,1,20,1,0,0,1
2327,0,39,1,4,1,1
2328,1,24,0,1,1,1
2330,1,49,0,3,1,1
2331,1,31,0,7,0,1
2332,1,20,0,1,0,1
2333,1,28,1,0,1,0
2334,1,67,1,3,1,1
2338,1,52,0,0,1,1
2339,1,45,0,17,0,1
2340,1,27,0,8,0,1
2341,1,22,1,1,0,1
2343,1,40,1,0,1,0
2344,1,30,1,1,0,0
2345,1,42,0,1,1,1
2346,1,24,0,2,1,1
2347,1,46,1,4,1,1
2348,1,38,0,4,1,1
2351,1,26,1,0,0,0
2352,1,54,1,1,1,0
2354,1,61,1,1,1,1
2355,1,51,0,1,1,0
2356,1,57,1,0,1,1
2357,1,24,1,3,0,0
2358,1,34,0,1,1,1
2360,0,28,0,10,0,0
2361,1,35,0,10,0,0
2362,1,30,0,6,0,1
2364,1,44,0,0,1,1
2366,1,61,1,10,0,1
2367,1,26,0,1,0,1
2368,1,48,0,10,0,1
2369,1,42,0,4,1,0
2370,1,38,1,10,0,1
2372,0,53,1,0,1,0
2373,1,26,0,3,0,0
2374,1,22,0,1,0,1
2375,1,50,1,0,0,1
2376,1,44,1,16,0,0
2377,1,24,0,4,0,1
2378,1,21,0,0,0,1
2379,1,50,1,0,1,1
2380,0,36,1,0,1,0
2381,1,39,1,0,1,1
2383,0,54,0,7,0,1
2384,1,29,0,0,1,0
2385,1,26,1,0,0,0
2386,1,41,0,3,1,1
2387,1,23,0,1,0,1
2388,1,34,1,0,1,0
2389,1,31,1,11,0,1
2390,1,20,0,0,1,1
2391,1,49,0,10,0,1
2392,1,26,0,4,0,1
2393,1,28,0,1,1,1
2394,1,26,0,0,1,1
2395,1,55,0,1,1,1
2396,1,22,0,0,0,0
2397,0,26,0,0,1,0
2401,1,58,0,16,0,1
2402,1,28,0,4,0,1
2403,1,33,0,8,0,1
2404,0,31,0,0,1,0
2405,1,26,0,1,0,0
2408,1,34,1,0,1,0
2410,0,32,0,0,1,1
2411,1,37,0,9,0,1
2412,1,50,0,1,0,1
2413,1,35,1,1,1,1
2414,0,47,1,0,1,0
2415,0,52,0,8,0,1
2416,1,26,0,5,0,1
2418,1,45,0,13,1,1
2420,1,41,0,8,1,1
2421,1,24,0,0,1,0
2422,1,21,0,1,0,1
2423,1,54,1,0,1,0
2424,1,49,1,0,1,1
2425,1,42,1,1,1,1
2426,1,21,0,1,1,1
2428,1,46,1,5,0,1
2429,1,74,1,0,1,0
2432,0,39,0,1,1,1
2433,0,38,0,0,1,1
2434,1,19,0,1,0,1
2435,1,28,1,0,1,1
2437,1,25,0,1,0,1
2438,1,53,1,1,1,0
2440,1,23,0,2,0,1
2441,1,55,1,33,0,1
2442,0,64,1,1,1,1
2443,1,23,0,1,0,0
2445,1,23,0,4,0,1
2448,1,34,0,0,1,1
2450,1,26,0,1,1,0
2451,1,44,1,4,1,1
2452,0,27,1,0,1,1
2453,1,28,1,14,0,1
2454,1,55,1,1,1,0
2456,1,36,0,15,0,1
2458,1,23,0,1,1,1
2459,1,56,0,1,1,0
2460,1,27,1,2,0,1
2461,1,37,1,1,0,0
2462,1,32,0,1,0,1
2463,1,41,0,18,0,0
2464,1,22,0,1,0,1
2465,1,37,1,1,1,1
2466,1,45,0,3,1,0
2467,0,31,0,14,0,1
2468,1,42,0,7,0,1
2469,1,26,0,20,0,1
2470,1,33,1,0,0,1
2471,1,22,1,0,1,0
2473,0,36,0,1,1,0
2474,1,54,1,0,1,0
2475,1,25,0,5,0,1
2476,1,24,1,3,0,1
2478,1,61,1,0,1,0
2479,0,42,1,0,1,0
2480,1,28,1,1,1,0
2481,1,27,0,1,0,0
2482,1,24,1,2,1,0
2484,1,32,0,16,0,1
2485,1,38,1,0,1,1
2486,1,21,1,1,1,0
2487,1,27,0,1,0,1
2488,1,39,1,0,1,1
2489,1,29,1,0,1,1
2490,1,29,1,1,1,1
2492,1,36,1,1,1,1
2493,1,46,0,0,0,1
2494,1,44,0,7,0,1
2495,1,27,0,0,1,0
2496,1,27,0,8,0,1
2497,1,61,1,0,1,0
2498,1,47,0,0,1,0
2499,1,27,0,1,1,0
2500,1,28,1,0,1,1
2501,0,31,1,1,0,0
2502,1,26,1,9,1,0
2503,1,53,0,2,1,1
2504,1,26,0,1,0,1
2505,1,25,0,2,1,1
2507,0,21,0,4,0,0
2508,1,23,0,1,1,0
2510,0,45,0,2,1,1
2511,1,27,0,2,0,0
2514,0,26,0,0,1,0
2515,1,21,1,0,0,1
2517,0,62,1,0,1,0
2518,1,48,1,0,1,1
2519,1,53,0,1,1,0
2520,1,62,0,3,1,0
2521,1,28,0,5,0,1
2522,1,56,1,1,1,1
2525,1,22,0,2,0,1
2526,1,26,0,5,0,1
2527,1,35,0,4,0,0
2528,1,22,0,1,1,1
2530,0,37,0,7,1,1
2531,0,32,0,0,1,1
2532,0,33,0,3,0,1
2534,1,53,1,0,1,0
2535,1,32,1,0,1,0
2536,1,26,1,0,1,0
2537,1,61,1,0,1,0
2538,1,21,0,0,0,0
2539,1,69,0,22,0,0
2540,1,26,0,0,1,0
2541,1,30,0,9,0,1
2542,1,21,1,1,1,1
2543,1,41,1,0,1,0
2544,1,45,0,0,0,1
2545,1,31,0,10,0,1
2546,1,22,1,0,1,1
2547,0,54,1,0,1,1
2548,1,50,1,2,1,0
2551,0,21,0,0,0,1
2553,1,30,1,0,1,1
2555,1,30,0,11,0,1
2556,1,26,1,5,1,0
2558,0,59,0,0,1,0
2559,1,29,0,13,0,1
2561,1,30,1,13,0,1
2562,1,25,0,5,0,0
2565,1,22,0,0,1,1
2566,1,41,0,8,1,1
2569,0,37,0,13,0,1
2570,1,22,0,0,1,1
2571,1,19,0,0,1,1
2572,1,45,1,2,1,0
2573,0,33,0,5,0,1
2574,1,52,0,7,0,1
2575,0,21,0,0,0,1
2576,1,43,0,6,0,0
2577,1,33,1,3,0,1
2578,1,26,0,3,0,1
2579,1,37,1,0,1,0
2580,1,38,0,1,1,1
2582,1,27,0,1,1,1
2584,1,21,0,1,0,1
2585,1,38,1,3,0,1
2586,1,37,1,0,1,0
2588,1,44,1,0,1,1
2589,1,30,0,0,1,1
2591,1,49,1,1,1,1
2592,1,67,1,0,1,0
2593,1,59,0,14,0,1
2594,1,21,0,1,0,1
2595,1,31,1,6,0,0
2596,0,50,1,2,1,1
2597,1,30,0,7,1,1
2598,1,28,1,1,1,0
2599,1,48,0,7,0,1
2600,1,55,1,0,1,0
2602,1,42,1,0,1,0
2603,1,34,0,0,0,0
2604,1,43,0,4,0,0
2605,1,44,0,0,1,1
2608,1,25,1,2,0,1
2609,0,32,0,0,1,0
2616,1,24,0,1,1,1
2617,1,34,0,0,0,1
2618,1,48,0,2,1,1
2619,1,41,0,1,1,1
2620,1,26,0,12,0,0
2621,1,42,0,0,0,1
2622,1,29,0,0,0,0
2623,1,26,1,0,1,0
2624,0,27,0,1,1,1
2625,1,35,1,4,1,0
2626,1,54,1,1,1,1
2628,1,20,0,0,0,1
2629,1,27,1,0,0,1
2630,1,21,0,1,0,1
2631,1,27,1,7,0,0
2632,1,34,0,11,0,1
2634,1,54,0,0,1,0
2636,1,39,0,1,1,1
2638,0,33,1,0,1,0
2641,0,35,0,0,1,0
2643,1,53,0,0,1,0
2644,1,28,1,2,1,0
2645,1,26,0,0,0,1
2647,1,31,0,3,0,1
2648,1,24,1,3,0,0
2649,1,45,1,19,0,1
2651,1,28,0,1,0,1
2652,0,45,1,1,1,1
2654,1,33,1,3,0,1
2655,1,23,1,4,0,1
2656,1,36,0,6,0,1
2657,1,22,0,0,1,1
2659,1,28,0,2,0,1
2660,1,37,0,3,1,0
2661,0,52,1,0,1,0
2662,1,26,1,0,1,1
2663,1,28,1,4,1,1
2664,0,33,1,2,1,1
2665,1,23,1,3,1,1
2666,1,31,1,3,1,0
2667,0,55,1,0,1,0
2668,1,24,1,3,1,1
2669,1,37,0,2,1,0
2670,1,41,0,0,1,1
2671,1,26,1,0,1,0
2672,1,41,0,13,0,1
2673,1,33,0,6,0,1
2675,1,23,0,0,0,1
2676,1,27,1,1,1,1
2677,1,24,1,0,0,1
2679,1,30,0,10,0,1
2680,1,55,1,1,1,1
2681,1,26,0,13,0,0
2683,1,35,0,0,1,1
2685,1,20,0,1,1,0
2686,1,24,1,3,0,0
2687,1,31,0,8,0,0
2689,1,55,0,0,1,1
2690,1,33,1,7,0,1
2691,1,44,1,6,0,1
2692,1,41,0,25,0,1
2693,1,56,0,9,0,0
2694,1,21,0,1,1,1
2696,0,48,1,1,1,0
2698,1,56,1,7,0,1
2699,1,39,1,2,1,0
2701,0,25,1,0,0,1
2703,0,28,0,3,0,1
2704,1,30,0,0,1,1
2705,0,19,0,0,0,0
2706,1,20,0,0,1,0
2707,1,57,1,0,1,1
2708,1,51,0,8,0,0
2709,1,27,0,5,1,1
2710,1,26,0,0,0,1
2711,1,23,1,3,0,0
2712,1,35,0,14,0,0
2714,1,37,0,5,0,1
2715,1,48,0,0,1,1
2716,1,21,0,0,0,1
2720,1,52,0,1,1,0
2722,1,22,0,0,1,1
2724,1,41,1,1,1,1
2725,0,25,1,1,0,0
2726,1,54,0,0,1,0
2727,1,25,0,13,0,1
2729,0,40,1,4,1,1
2730,1,22,0,0,0,1
2731,1,50,1,10,1,1
2732,1,35,1,2,1,0
2733,1,28,1,7,0,1
2734,1,21,0,0,0,1
2736,1,27,1,0,1,1
2737,1,22,0,0,1,1
2740,1,32,1,0,0,1
2741,1,59,1,0,1,1
2744,1,59,1,0,1,1
2745,0,44,1,1,1,1
2746,1,26,0,9,0,0
2747,1,30,0,9,0,1
2749,1,25,0,3,0,0
2752,0,31,0,0,0,0
2753,0,32,0,0,1,1
2754,1,37,0,22,0,1
2755,1,22,1,2,1,1
2756,1,38,0,8,0,0
2757,1,34,1,2,1,1
2758,1,30,0,7,1,1
2759,0,38,1,0,1,1
2760,1,36,0,10,0,1
2763,1,35,1,2,0,1
2764,1,35,0,0,1,1
2766,0,30,0,9,0,1
2767,1,34,0,16,0,1
2768,1,31,1,3,1,1
2770,1,31,1,4,0,1
2771,1,22,1,2,0,1
2773,1,36,0,5,0,0
2774,1,39,0,2,1,0
2775,1,51,0,9,0,1
2776,1,35,0,7,1,1
2781,1,37,0,0,1,0
2782,1,25,0,3,0,0
2784,0,27,0,0,1,1
2785,1,47,1,2,1,0
2786,1,46,0,12,0,0
2787,1,27,1,0,0,1
2788,1,34,0,0,0,1
2790,1,25,1,0,1,0
2791,1,26,0,5,0,0
2792,1,25,0,1,1,1
2793,1,60,0,9,0,1
2795,1,30,0,12,0,1
2796,1,21,0,0,1,1
2797,1,25,0,4,0,1
2799,1,21,0,0,1,1
2801,1,29,0,4,1,0
2805,1,51,1,2,1,1
2806,1,29,0,1,1,0
2810,1,20,1,0,0,1
2813,1,53,1,1,1,1
2815,1,25,0,5,0,1
2817,1,22,0,3,0,1
2818,1,21,0,1,0,1
2819,1,21,1,1,0,1
2820,1,27,0,6,0,0
2821,1,28,0,14,0,0
2822,1,49,0,6,1,0
2823,1,52,0,7,0,1
2824,1,25,0,1,0,0
2825,1,56,1,2,1,1
2826,1,34,0,22,0,1
2828,1,23,0,1,1,0
2829,1,22,1,0,0,1
2830,1,23,0,0,0,1
2831,1,30,0,4,0,0
2832,1,42,0,1,0,0
2833,1,50,0,24,0,0
2836,1,37,0,0,0,1
2837,1,23,0,1,1,1
2838,1,41,1,0,1,1
2839,1,50,0,5,1,1
2841,1,26,0,2,1,1
2843,1,23,0,2,0,1
2844,1,55,1,1,1,1
2845,1,24,0,0,0,1
2846,1,33,1,5,1,0
2847,1,23,1,0,1,1
2848,1,37,0,1,0,0
2850,1,51,1,0,1,0
2853,0,35,0,3,0,0
2855,1,29,0,2,0,1
2856,1,57,1,0,1,0
2857,1,20,0,1,0,0
2860,1,23,0,3,0,1
2861,1,36,1,9,1,0
2862,1,55,1,1,1,0
2863,1,53,0,18,0,0
2864,1,21,0,1,0,1
2865,1,27,0,3,1,0
2866,1,28,0,6,0,1
2867,1,26,1,1,1,1
2868,1,25,1,1,0,1
2869,1,66,1,0,1,1
2870,1,28,0,3,1,0
2872,1,24,0,0,0,0
2873,1,60,1,18,1,0
2874,1,37,0,2,1,1
2876,1,73,1,0,1,0
2877,1,44,0,0,1,1
2879,1,40,0,6,0,1
2882,1,56,1,0,1,0
2883,1,42,0,3,1,1
2885,1,50,1,1,1,1
2886,1,34,1,0,1,0
2887,1,47,0,1,1,0
2888,1,58,1,3,1,1
2889,1,48,1,3,1,1
2890,0,20,1,0,1,1
2891,0,53,0,10,1,1
2892,1,29,0,0,0,1
2894,0,43,1,0,1,0
2897,1,53,1,1,1,0
2898,1,22,1,0,0,0
2900,1,26,1,9,0,0
2902,1,23,0,4,0,1
2903,1,71,1,1,1,0
2904,0,61,1,0,1,0
2905,0,22,1,2,0,0
2907,0,54,1,1,1,0
2908,1,24,1,6,0,1
2909,0,28,1,0,0,1
2910,0,25,1,2,0,1
2911,0,22,0,1,0,1
2912,1,24,0,2,1,1
2913,1,35,0,0,1,1
2914,1,21,0,0,1,1
2915,1,49,1,1,1,0
2916,1,26,0,6,0,1
2917,1,30,0,7,0,1
2919,1,30,0,5,1,1
2921,1,64,1,8,1,1
2923,0,45,1,7,1,1
2924,1,37,0,3,1,0
2925,0,34,0,1,0,1
2927,1,58,1,0,1,0
2928,1,27,1,0,1,1
2929,1,30,0,0,1,0
2930,1,25,0,0,1,0
2931,1,60,0,19,0,1
2932,1,56,0,24,0,1
2933,1,33,0,2,1,0
2934,1,25,1,9,0,1
2936,1,32,0,6,0,1
2937,1,24,0,3,1,1
2938,1,23,1,2,0,1
2940,1,25,0,1,1,1
2941,0,20,0,0,1,1
2942,1,32,0,9,0,1
2943,0,49,0,0,1,1
2944,1,22,0,1,1,1
2945,1,24,0,0,1,1
2946,1,26,1,10,0,1
2950,1,29,0,1,1,0
2952,1,22,1,0,0,1
2954,0,26,0,3,0,1
2955,1,21,0,0,0,1
2956,1,54,1,2,1,0
2957,1,59,0,1,1,1
2958,1,22,0,0,0,1
2960,1,64,0,20,0,1
2961,1,45,1,1,1,0
2962,0,22,0,0,1,1
2963,1,24,0,5,1,1
2964,0,30,0,3,0,1
2965,0,27,1,0,0,1
2966,1,20,1,0,1,1
2968,1,28,1,5,0,1
2971,1,23,1,3,0,1
2972,0,32,0,0,1,0
2973,0,44,1,1,1,1
2974,1,41,0,8,1,1
2975,1,30,1,3,1,1
2976,1,27,0,2,0,0
2977,1,32,0,0,1,1
2978,1,40,0,24,0,0
2982,0,33,0,3,1,0
2984,1,33,1,0,1,1
2987,1,28,0,9,0,0
2988,0,25,0,0,0,1
2990,0,30,0,1,1,0
2991,0,47,0,0,1,0
2992,1,24,1,0,1,1
2994,1,31,1,9,0,1
2996,1,52,0,0,1,1
2997,1,25,0,5,0,1
2999,0,46,0,7,0,0
3000,1,62,1,3,1,0
3002,1,36,1,0,0,0
3003,1,24,0,2,1,1
3005,1,25,1,9,0,1
3006,1,21,0,0,0,0
3008,1,29,0,5,0,1
3009,1,52,0,0,1,0
3010,1,29,0,5,0,1
3011,1,59,0,13,1,1
3012,1,39,0,2,1,1
3015,1,20,0,1,0,1
3016,1,50,1,0,1,0
3017,1,27,0,7,0,1
3018,1,27,0,0,1,0
3019,1,31,1,4,0,1
3021,0,24,0,2,0,0
3022,1,24,0,4,0,1
3023,1,30,1,0,1,0
3025,1,41,1,0,1,1
3027,1,32,0,2,0,1
3030,1,69,1,0,1,0
3031,1,25,1,1,0,1
3032,1,55,1,0,1,0
3033,1,28,0,7,0,1
3034,1,27,1,0,1,0
3035,0,20,0,1,0,1
3036,1,36,0,2,1,1
3038,1,25,0,10,0,1
3039,0,35,1,1,1,0
3040,1,32,0,12,0,0
3042,1,21,1,1,0,0
3043,1,41,1,1,1,1
3045,1,38,0,0,0,1
3046,1,21,0,1,0,1
3048,1,35,1,2,1,0
3049,1,34,0,5,0,0
3050,1,52,1,0,1,0
3051,1,21,0,0,0,1
3052,1,43,0,8,1,0
3053,0,32,1,0,1,1
3054,1,49,1,5,0,1
3055,0,21,0,0,1,0
3056,1,28,0,5,0,1
3057,0,65,1,1,1,1
3058,0,27,1,0,1,0
3060,1,48,1,20,0,1
3062,1,20,0,0,1,0
3065,1,63,0,6,1,1
3066,1,40,1,0,1,0
3068,1,21,0,1,0,1
3069,1,27,1,1,1,0
3071,1,35,1,0,0,0
3073,0,50,0,0,1,0
3075,1,47,1,0,1,0
3076,1,44,1,2,1,0
3079,1,23,0,0,1,0
3080,1,54,0,10,0,1
3082,1,38,1,17,0,1
3084,1,44,1,2,1,1
3085,1,52,0,3,1,0
3086,0,52,1,0,1,1
3087,1,21,0,0,0,0
3089,0,30,1,9,1,1
3091,1,56,0,6,1,1
3092,1,35,0,12,0,1
3093,1,39,1,1,1,1
3094,1,29,1,0,1,0
3096,1,23,0,2,0,1
3097,1,26,1,0,0,0
3098,0,64,0,1,1,0
3101,1,20,1,1,1,1
3102,1,21,0,0,0,1
3103,1,21,0,0,0,1
3104,1,23,0,0,0,1
3105,1,46,0,3,1,1
3106,1,25,0,21,0,1
3109,0,30,0,0,1,0
3110,1,47,1,1,1,1
3111,1,30,1,4,1,1
3113,1,47,0,1,1,1
3115,1,39,0,1,1,1
3118,1,24,1,1,1,1
3120,1,45,1,3,1,1
3121,1,26,1,2,0,1
3122,1,39,1,3,1,1
3123,1,40,1,1,1,1
3124,1,24,0,0,0,1
3125,1,23,0,1,0,1
3126,1,61,1,0,1,0
3127,1,42,1,3,0,1
3128,1,38,0,3,1,1
3129,1,67,1,0,1,1
3130,1,23,1,2,0,1
3131,1,31,1,1,1,1
3132,1,40,0,15,0,1
3133,1,44,0,0,1,1
3134,1,37,0,10,0,1
3135,0,22,0,3,0,0
3136,1,31,1,6,1,0
3137,1,28,0,9,0,1
3140,1,33,1,9,1,1
3141,0,30,0,10,0,1
3145,1,35,0,0,0,1
3146,1,57,0,23,0,1
3147,0,39,1,8,0,1
3148,1,65,1,3,1,1
3149,0,22,1,0,0,0
3150,0,35,0,2,0,1
3151,1,29,0,2,1,0
3153,1,62,0,13,0,1
3156,1,22,0,0,1,0
3158,0,56,0,1,1,1
3159,1,25,1,2,0,1
3160,1,33,1,10,1,0
3161,1,25,1,2,0,1
3162,0,27,0,3,0,1
3163,1,37,0,1,0,1
3164,1,41,1,2,1,0
3165,1,35,0,5,0,1
3167,1,55,1,0,1,0
3169,1,26,0,2,1,1
3170,1,35,0,7,1,1
3171,1,50,1,3,1,0
3173,1,25,0,3,0,1
3174,0,65,1,1,1,0
3175,0,31,0,0,0,1
3176,0,24,0,0,1,0
3177,1,34,0,6,0,1
3179,0,30,0,4,0,1
3181,1,30,0,14,0,1
3182,1,24,1,1,1,0
3183,1,51,1,3,1,1
3184,0,28,0,3,1,1
3185,0,27,0,4,0,1
3187,1,22,1,2,1,1
3188,1,29,0,2,1,1
3189,1,31,0,0,0,1
3190,1,31,1,0,1,0
3191,0,32,0,3,1,1
3192,1,27,0,1,1,1
3193,1,29,1,6,0,1
3194,1,59,0,3,1,1
3195,1,24,0,1,1,0
3197,1,33,0,0,0,1
3199,1,28,1,9,0,1
3203,1,24,0,9,0,0
3204,1,31,0,16,0,1
3207,1,24,0,0,0,1
3209,1,23,0,7,0,1
3214,1,62,1,0,1,1
3216,0,25,0,4,0,1
3218,1,49,0,1,0,0
3219,1,50,1,0,1,1
3220,1,47,0,3,0,1
3221,1,37,0,14,0,1
3222,1,26,1,0,1,0
3223,1,28,0,21,0,1
3224,0,26,0,3,1,1
3227,1,20,0,1,0,1
3228,1,34,0,9,0,1
3230,1,46,0,9,0,1
3231,1,21,0,0,0,1
3232,0,27,1,2,0,1
3233,1,21,0,3,0,0
3234,1,29,1,1,1,1
3235,1,46,1,4,1,1
3236,1,24,0,0,1,1
3238,1,57,0,8,1,0
3239,1,33,0,4,1,1
3240,1,23,0,4,0,1
3241,1,29,0,5,0,1
3242,1,22,1,0,1,0
3244,0,33,1,1,0,0
3247,1,40,0,3,0,1
3249,1,32,0,10,0,1
3251,1,24,0,1,1,0
3252,1,32,0,1,1,1
3253,1,19,0,2,0,1
3255,1,23,0,6,0,1
3256,1,39,1,17,0,1
3257,1,25,0,1,1,1
3258,1,42,0,6,0,1
3259,1,29,1,1,1,0
3260,1,38,1,2,1,0
3261,1,32,1,10,0,1
3262,1,23,1,4,0,0
3263,1,58,0,10,1,1
3264,1,42,0,9,0,1
3266,1,26,1,1,1,1
3267,1,27,1,1,1,1
3268,1,33,1,1,1,1
3269,1,33,0,2,0,1
3270,1,23,0,0,1,0
3271,1,25,0,4,0,1
3272,1,32,0,0,1,1
3274,0,29,1,0,1,0
3275,1,38,0,19,0,1
3276,1,29,1,0,1,0
3277,1,27,0,6,0,1
3278,1,25,1,0,1,0
3279,0,31,1,2,0,1
3280,1,30,0,8,0,1
3281,1,41,0,0,0,1
3282,1,59,0,8,1,1
3283,1,21,1,1,1,0
3285,1,27,0,6,1,1
3286,1,30,0,0,1,1
3287,1,43,1,4,0,1
3288,0,24,1,2,0,1
3289,1,45,0,13,0,0
3290,1,23,1,0,0,1
3291,0,40,1,5,0,1
3292,0,23,0,0,0,1
3293,1,39,0,3,1,1
3294,0,26,0,5,0,1
3295,0,26,1,0,1,0
3296,1,21,0,0,1,0
3297,1,30,1,3,1,1
3298,1,44,1,0,1,1
3299,1,21,0,1,0,1
3300,1,23,0,0,1,0
3301,0,49,0,1,1,1
3302,1,23,0,3,0,1
3303,1,24,0,1,0,1
3304,0,21,0,1,1,1
3305,0,37,1,7,0,1
3307,1,28,1,2,1,1
3310,0,24,0,2,0,1
3311,1,31,1,0,0,1
3312,1,24,0,2,0,0
3313,1,25,0,1,1,1
3315,1,33,0,1,1,0
3316,1,26,0,24,0,0
3317,1,27,0,1,0,1
3321,1,46,1,0,1,1
3322,0,38,1,1,0,0
3323,0,24,0,0,0,0
3324,0,38,0,0,1,0
3325,1,27,0,7,0,1
3326,1,48,0,6,1,1
3327,0,31,1,2,1,1
3328,1,28,0,5,0,0
3330,1,25,1,6,0,0
3332,1,55,1,0,1,0
3334,1,40,0,5,0,1
3335,1,21,0,0,1,1
3337,1,28,0,10,0,1
3338,1,20,0,2,0,1
3340,1,31,0,10,0,1
3341,0,57,0,0,1,0
3342,1,25,0,0,1,0
3343,1,22,0,7,0,1
3344,1,31,0,3,1,1
3345,1,43,0,7,1,1
3346,0,25,1,0,1,0
3348,1,40,0,1,1,1
3349,1,20,0,0,0,1
3350,1,35,0,2,0,0
3351,1,34,0,1,1,0
3352,1,27,1,18,0,1
3354,0,38,0,3,1,1
3355,1,21,1,0,0,1
3356,1,25,0,0,1,0
3357,1,53,0,6,0,0
3358,0,50,0,4,1,1
3359,0,23,1,1,0,0
3362,1,27,1,0,1,0
3363,1,29,0,5,0,1
3364,1,38,0,1,1,0
3365,0,54,1,2,1,1
3366,1,26,0,1,0,1
3367,1,37,0,23,0,1
3368,1,36,0,25,0,0
3369,1,28,0,18,0,1
3370,1,49,0,1,1,0
3371,1,36,0,11,0,1
3373,0,41,1,0,1,1
3375,1,40,1,9,0,1
3377,1,21,0,7,0,1
3379,1,33,1,0,1,1
3380,1,26,0,7,0,1
3381,0,27,0,0,1,0
3382,1,35,0,1,1,1
3383,1,27,0,3,1,0
3385,0,31,0,3,0,1
3386,1,36,0,26,0,1
3388,1,50,1,1,1,1
3389,1,52,1,1,1,1
3390,1,24,0,1,1,0
3391,1,38,0,0,1,1
3392,1,54,0,11,0,1
3393,1,71,1,13,1,1
3394,1,27,0,9,0,1
3395,0,39,1,1,1,1
3399,0,36,0,5,0,1
3400,1,55,0,0,1,1
3403,1,27,1,0,1,1
3404,1,23,0,2,1,1
3405,1,20,0,1,0,1
3406,0,31,0,10,0,1
3407,1,24,1,8,0,1
3408,0,37,1,2,0,1
3410,1,26,1,0,1,1
3413,1,29,1,0,1,1
3414,1,41,0,4,1,0
3415,1,37,0,0,1,1
3416,1,46,1,2,1,1
3417,0,56,1,10,0,1
3418,1,23,0,0,1,1
3419,0,23,0,1,0,1
3420,1,25,0,0,0,1
3421,1,24,0,1,0,1
3425,1,24,1,2,0,1
3427,1,23,0,0,0,1
3428,1,43,1,2,1,1
3429,0,53,1,0,1,0
3430,1,24,0,1,0,1
3432,1,28,0,0,1,1
3433,1,21,1,1,1,1
3435,1,33,1,3,0,1
3436,0,35,0,1,1,1
3437,1,55,1,3,1,0
3439,1,28,0,0,1,0
3440,1,44,1,0,1,0
3442,1,19,0,3,0,1
3444,1,24,0,3,0,1
3445,1,50,1,2,1,1
3446,1,31,0,0,1,0
3447,0,28,1,0,1,1
3448,1,42,1,0,1,1
3449,1,21,0,0,0,0
3452,1,21,1,0,0,1
3454,1,31,1,3,0,1
3456,1,27,1,0,0,1
3459,1,28,0,7,0,1
3460,1,67,1,0,1,0
3461,0,32,0,11,0,1
3462,1,44,0,7,1,1
3463,1,25,0,1,1,1
3464,0,30,0,15,0,0
3465,1,28,1,9,1,0
3466,1,27,0,0,0,1
3469,0,25,1,0,1,0
3470,1,31,1,5,0,1
3471,1,30,1,0,1,0
3472,1,33,0,4,1,1
3474,1,26,0,1,1,0
3476,0,22,1,2,0,0
3477,1,50,1,0,1,1
3479,1,58,1,1,1,1
3480,1,34,1,3,1,0
3481,1,32,1,1,1,1
3482,1,29,0,0,1,0
3483,1,27,0,0,1,0
3484,1,39,1,5,1,1
3485,1,24,0,0,1,1
3486,1,38,0,8,0,0
3487,1,52,1,7,1,1
3488,1,56,0,3,1,0
3489,1,46,1,7,0,1
3490,1,38,1,5,1,1
3491,1,47,1,3,0,0
3492,1,32,1,0,1,1
3493,1,34,0,27,0,0
3494,1,42,0,5,0,1
3495,0,35,0,0,1,0
3496,1,20,1,0,0,1
3497,0,32,1,2,0,1
3498,1,21,1,0,0,0
3499,1,24,0,0,1,0
3500,1,24,0,1,0,0
3502,1,26,0,0,1,0
3503,1,52,1,8,1,1
3504,1,27,0,1,1,0
3505,0,27,1,0,0,0
3506,1,56,1,0,1,1
3507,1,52,1,16,0,1
3508,1,37,0,3,1,1
3509,1,45,0,0,1,0
3511,0,36,1,3,0,1
3512,0,29,0,0,1,1
3516,1,27,0,11,0,1
3517,1,28,0,11,0,1
3518,1,38,0,4,1,0
3520,0,19,0,1,0,1
3521,0,37,1,1,1,1
3522,1,34,0,0,1,0
3523,1,37,1,7,0,1
3524,1,21,0,1,0,1
3525,1,21,0,0,0,1
3526,0,38,1,3,1,1
3527,1,47,0,1,1,0
3528,1,56,1,3,1,1
3529,1,27,0,2,0,1
3530,1,23,0,0,0,0
3531,1,57,1,0,1,1
3532,1,25,0,9,0,1
3533,0,23,0,2,0,1
3534,1,32,0,8,0,1
3535,0,36,0,2,0,0
3536,1,41,0,5,0,0
3539,1,21,0,1,0,1
3541,1,31,0,2,1,0
3542,1,37,1,0,1,0
3543,1,27,0,0,1,1
3544,1,22,0,2,1,1
3545,1,59,1,2,1,1
3546,0,33,0,0,0,1
3548,0,43,0,2,1,1
3549,1,25,1,5,1,1
3551,1,23,0,3,0,1
3552,0,43,1,3,1,0
3553,1,56,1,9,1,0
3554,0,20,0,1,0,1
3555,1,50,0,2,0,0
3557,0,54,1,1,1,0
3558,1,20,0,1,0,1
3560,0,36,0,3,0,1
3561,1,56,0,0,1,0
3563,1,25,0,2,0,1
3564,0,42,1,1,1,1
3566,1,48,0,4,0,1
3567,1,34,0,21,0,0
3568,1,28,1,0,1,1
3569,1,32,1,1,1,1
3570,0,31,1,2,1,1
3571,0,24,0,4,0,1
3572,0,25,1,0,1,1
3573,0,32,1,4,1,1
3574,1,37,0,20,0,1
3575,1,24,0,1,1,1
3576,1,48,0,0,1,0
3578,1,35,0,1,1,1
3579,1,21,0,1,1,1
3580,0,21,0,0,0,1
3581,0,27,1,0,1,1
3582,1,22,0,0,1,1
3583,1,28,0,4,0,1
3584,1,26,0,0,1,0
3586,1,34,1,0,1,1
3587,1,22,0,3,0,1
3589,1,44,1,5,1,1
3590,1,57,1,1,1,1
3591,1,22,0,0,0,1
3593,1,24,0,7,0,1
3594,1,20,1,0,1,1
3597,1,60,0,13,1,1
3598,0,22,0,2,0,1
3600,1,72,1,7,1,1
3601,1,33,0,3,0,1
3602,1,24,0,1,1,1
3603,1,60,0,0,1,1
3604,1,24,1,3,0,1
3606,1,30,0,1,1,0
3607,0,43,1,0,0,0
3610,1,45,0,1,1,0
3612,1,31,1,1,1,0
3613,1,40,0,0,1,0
3614,1,50,1,1,1,1
3616,1,41,0,7,1,1
3617,1,34,1,5,0,1
3618,0,28,1,0,0,1
3620,1,23,1,2,0,1
3623,1,21,1,1,0,1
3625,0,22,0,2,0,0
3626,1,29,0,6,0,1
3627,0,30,0,0,1,0
3628,1,45,1,3,1,0
3629,0,24,0,2,1,1
3630,1,31,1,4,0,1
3631,1,56,1,0,1,0
3633,1,24,0,14,0,1
3634,1,38,0,11,0,1
3635,1,51,0,22,0,1
3636,1,22,1,0,1,1
3637,1,28,0,5,0,0
3638,1,47,0,19,0,1
3639,1,51,0,0,1,0
3640,1,25,1,1,1,0
3642,1,30,0,0,1,1
3643,1,33,1,0,0,1
3644,1,35,0,5,1,1
3645,0,33,0,0,1,1
3649,0,33,1,1,0,1
3650,1,27,0,2,0,1
3651,0,29,0,9,0,1
3653,1,24,0,3,0,1
3654,1,43,0,5,0,1
3655,1,37,0,11,0,0
3656,1,53,0,13,0,1
3658,1,26,0,4,0,1
3659,0,30,1,1,1,0
3660,1,27,0,6,0,1
3661,1,39,1,9,0,1
3662,1,37,1,4,1,0
3663,1,22,1,3,0,0
3664,1,25,1,0,0,1
3666,0,28,1,0,0,0
3667,1,25,0,0,0,0
3668,1,58,1,1,1,1
3669,0,29,1,1,0,0
3670,1,33,0,8,0,1
3671,1,38,0,0,1,1
3672,1,38,1,2,1,1
3673,1,59,0,22,0,1
3676,1,53,1,0,1,0
3677,1,33,0,2,0,1
3678,1,58,1,1,1,0
3681,1,53,1,2,1,1
3682,1,32,1,0,0,0
3683,1,35,0,6,0,1
3684,1,39,1,1,1,1
3686,0,42,1,5,1,0
3687,1,37,0,0,1,0
3688,1,39,1,0,1,1
3689,0,52,1,3,1,0
3692,1,42,1,4,1,1
3694,1,23,0,6,0,1
3695,0,42,0,0,1,0
3697,1,28,0,5,1,1
3698,1,38,1,12,0,1
3699,0,43,0,2,1,1
3700,1,42,0,0,0,1
3701,0,25,1,0,1,0
3702,1,32,0,7,0,1
3703,1,21,0,0,0,1
3704,0,35,1,1,0,0
3705,1,37,1,0,0,1
3706,0,33,0,2,1,1
3707,0,51,1,4,1,1
3708,1,39,1,3,1,1
3710,1,40,0,3,0,1
3711,1,32,0,17,0,1
3713,1,32,1,3,0,1
3715,1,32,0,10,0,1
3716,1,47,1,5,1,0
3717,0,23,1,0,0,0
3718,1,63,1,10,1,1
3719,1,38,0,16,0,1
3720,1,32,0,6,0,0
3721,1,31,0,4,0,1
3722,1,23,0,0,1,1
3724,0,47,1,0,1,0
3725,1,33,1,1,0,1
3726,1,22,1,1,1,1
3728,1,40,1,0,1,0
3729,1,36,0,14,0,1
3730,0,65,1,0,1,0
3732,0,22,0,0,1,0
3735,0,26,1,4,1,1
3739,1,52,1,2,0,1
3741,1,34,0,5,1,1
3742,1,33,0,1,1,0
3743,1,21,0,1,0,1
3744,1,46,0,9,1,1
3746,1,57,1,1,1,0
3747,1,22,0,2,1,1
3748,0,48,1,1,1,0
3749,1,40,0,21,0,1
3750,0,30,0,1,1,1
3751,1,21,1,4,0,0
3752,0,39,0,22,0,1
3754,0,33,1,0,0,0
3755,1,24,0,0,1,1
3756,1,43,0,0,1,1
3757,0,45,1,0,1,0
3758,1,51,0,3,1,1
3760,1,31,0,9,0,0
3761,1,27,1,0,1,0
3762,1,32,0,1,1,1
3763,1,49,1,0,1,0
3764,1,29,0,2,1,1
3765,1,23,0,2,0,1
3768,1,30,1,0,1,0
3769,1,34,0,13,1,1
3771,1,33,0,4,0,1
3772,1,28,0,1,1,0
3773,1,29,0,1,0,1
3774,1,38,1,0,1,0
3775,1,37,1,0,1,1
3776,0,33,1,0,1,0
3778,1,51,0,19,0,1
3779,1,65,0,7,0,0
3780,0,32,0,1,1,0
3781,1,38,1,5,0,1
3782,1,35,0,1,1,1
3783,1,57,1,1,1,1
3784,1,26,1,1,1,1
3786,0,36,0,4,0,0
3788,1,35,1,3,0,1
3789,1,33,0,0,1,1
3790,1,47,1,0,1,0
3793,1,35,1,1,1,0
3794,0,36,0,1,1,1
3795,0,25,1,0,1,0
3799,1,51,1,6,1,1
3800,1,24,0,8,0,1
3801,1,32,1,0,1,1
3802,1,43,0,8,0,1
3803,1,45,0,20,0,0
3804,1,42,0,10,0,0
3805,1,22,0,1,0,1
3806,1,49,0,4,1,1
3807,1,42,0,0,1,1
3808,1,40,1,0,0,0
3809,1,25,0,2,0,1
3810,1,25,1,0,0,0
3811,1,23,0,0,0,1
3812,1,21,1,2,0,1
3813,1,31,1,3,0,0
3814,0,28,0,0,1,0
3815,1,24,0,11,0,1
3816,1,45,1,0,1,1
3817,1,23,0,2,1,0
3818,1,39,0,7,0,1
3820,1,24,0,1,1,1
3821,1,46,1,1,1,1
3822,1,47,1,3,1,1
3824,1,22,0,1,1,0
3825,0,34,1,0,1,0
3826,1,33,1,0,1,0
3828,1,29,0,16,0,1
3831,1,29,0,0,0,0
3832,0,25,1,2,1,0
3833,1,34,1,16,0,1
3834,0,55,0,1,1,1
3835,1,27,0,0,1,1
3836,1,26,0,0,1,0
3837,1,39,0,19,0,1
3838,1,24,0,1,0,1
3839,1,29,1,0,1,0
3841,1,50,0,13,1,1
3843,1,31,0,4,0,1
3845,1,26,1,2,0,1
3846,1,54,1,2,1,1
3847,1,33,0,14,0,1
3848,1,22,0,0,1,0
3849,1,35,0,8,0,1
3851,1,25,0,0,1,1
3852,1,25,0,0,0,1
3853,1,44,0,0,1,1
3854,0,29,1,2,0,1
3855,1,46,1,2,1,1
3856,1,53,1,0,1,0
3857,1,24,0,2,0,1
3858,0,52,0,2,1,1
3859,1,27,0,0,1,0
3860,1,41,1,0,1,1
3861,0,21,0,0,0,1
3862,1,24,1,1,1,1
3864,1,23,1,0,1,0
3865,1,42,0,0,1,1
3868,1,24,0,5,0,1
3869,1,26,0,4,0,1
3870,1,50,1,9,1,1
3871,0,32,0,3,0,0
3872,1,40,0,13,0,1
3875,1,27,0,2,1,1
3876,1,23,1,0,0,1
3877,1,37,0,22,0,0
3878,1,32,0,1,1,0
3880,1,52,1,4,1,0
3881,1,29,1,2,1,1
3883,1,49,0,0,1,0
3884,1,50,1,0,1,1
3885,1,26,1,2,1,1
3886,0,34,1,0,0,1
3887,0,28,1,1,0,1
3890,1,30,0,0,1,1
3891,1,24,0,3,1,1
3892,1,25,0,0,1,0
3893,1,25,0,4,1,0
3894,1,45,1,2,1,1
3895,1,26,1,1,0,1
3898,1,40,1,2,1,0
3906,1,21,0,1,0,1
3907,1,55,1,0,1,0
3908,1,22,1,1,1,1
3909,0,23,0,1,1,1
3912,1,57,1,9,1,1
3913,1,33,1,0,1,0
3914,1,32,1,2,1,1
3915,1,47,1,3,1,1
3916,1,51,1,6,1,0
3917,1,22,0,1,0,1
3918,1,47,1,2,1,1
3919,1,28,1,1,1,1
3921,1,28,0,5,0,1
3922,0,44,1,1,1,0
3923,1,25,0,0,1,1
3924,1,34,0,4,1,0
3925,1,65,1,0,1,0
3926,1,33,1,5,0,1
3927,0,23,1,0,1,0
3928,0,44,1,0,1,0
3930,1,24,0,1,1,0
3931,1,51,1,1,1,0
3932,0,21,0,0,0,1
3933,1,39,1,6,0,1
3934,1,29,0,29,0,1
3935,1,24,1,1,0,1
3936,0,23,0,0,0,1
3937,1,31,0,11,0,1
3938,0,35,0,0,1,0
3941,0,39,0,4,0,1
3943,1,51,1,0,1,0
3944,1,22,1,1,0,1
3945,1,29,1,2,1,1
3947,1,32,1,6,1,1
3948,1,33,1,3,1,0
3949,1,58,1,5,1,1
3952,1,33,0,2,0,1
3954,1,48,0,10,1,1
3955,1,23,0,0,0,0
3956,1,23,1,2,0,1
3959,1,29,0,0,0,0
3960,1,48,1,2,1,1
3961,1,37,1,4,1,0
3962,1,50,1,3,1,1
3963,1,19,0,3,0,1
3965,1,49,0,13,1,1
3966,1,58,1,2,0,1
3967,1,31,0,6,0,1
3968,1,23,0,1,0,0
3969,0,23,0,0,1,1
3970,1,31,1,17,0,1
3972,1,57,1,6,1,1
3973,0,31,1,0,1,0
3974,1,57,0,19,0,1
3975,1,57,1,12,0,0
3976,1,29,0,6,0,0
3977,1,30,0,0,1,0
3978,1,45,0,11,1,1
3979,1,42,1,0,0,1
3981,1,29,0,12,0,1
3983,0,28,1,0,1,1
3985,1,25,0,1,1,0
3986,0,34,1,3,0,0
3989,1,27,0,0,1,1
3990,1,39,0,4,1,1
3992,1,27,0,4,0,1
3993,1,30,1,7,0,1
3994,1,31,0,15,0,0
3995,1,20,0,1,0,0
3996,1,26,1,2,0,1
3999,1,34,1,0,1,1
4000,1,27,1,0,1,0
4002,1,29,0,4,1,1
4003,1,27,0,7,0,1
4004,0,24,1,0,0,1
4005,1,29,0,0,0,1
4006,1,20,1,0,1,1
4007,0,23,1,0,1,1
4008,0,48,0,0,1,0
4009,1,34,0,0,1,0
4010,1,46,0,1,0,0
4011,0,41,1,3,0,1
4012,1,26,0,3,0,1
4013,1,37,0,11,0,1
4016,0,22,1,2,1,1
4017,1,32,0,7,1,1
4018,1,44,0,0,1,0
4020,1,60,0,3,1,0
4021,1,49,1,0,1,1
4023,1,30,0,10,1,0
4024,1,52,1,0,1,1
4026,1,34,0,0,0,1
4027,1,55,0,5,1,1
4029,1,33,0,0,0,0
4030,1,22,0,0,0,1
4031,0,27,0,0,1,0
4032,1,20,0,0,0,1
4033,1,33,1,0,1,1
4034,1,26,0,0,1,0
4035,1,29,0,0,0,0
4036,1,32,0,1,1,0
4037,1,37,1,4,1,0
4038,1,31,0,15,0,1
4039,1,29,0,6,0,1
4040,1,31,0,6,1,1
4041,0,36,1,2,1,1
4043,0,37,0,1,1,1
4044,1,34,1,5,1,0
4045,1,20,1,1,0,0
4047,1,24,1,8,0,1
4048,1,29,0,8,0,0
4049,0,45,0,1,1,1
4050,1,34,1,2,0,1
4051,1,70,0,0,1,0
4053,1,23,0,4,0,1
4054,1,27,1,5,1,0
4055,1,44,1,6,0,1
4057,1,26,0,0,0,0
4058,0,23,1,2,0,0
4059,1,27,0,3,0,1
4060,0,46,1,1,1,1
4061,0,27,0,1,0,1
4062,1,45,1,7,1,1
4063,1,42,0,1,0,0
4064,0,24,1,3,0,0
4065,1,20,0,2,0,1
4066,1,49,1,3,1,1
4069,0,52,1,1,1,1
4071,1,26,0,1,1,0
4072,1,53,0,15,1,1
4074,1,38,0,0,0,0
4075,1,25,0,1,0,1
4076,1,21,0,1,0,1
4077,1,48,0,0,1,0
4080,1,22,0,0,1,1
4082,1,38,1,2,1,0
4086,0,44,1,0,1,0
4088,1,64,1,0,1,0
4089,1,38,1,5,0,0
4091,1,49,0,1,0,1
4095,1,51,0,3,1,1
4096,1,50,0,0,1,1
4097,1,33,1,2,1,0
4098,0,54,1,0,1,0
4101,1,42,0,17,0,0
4102,1,34,1,3,1,1
4103,1,38,1,2,1,1
4104,1,21,0,1,0,1
4105,1,33,0,5,1,1
4106,1,32,0,9,0,0
4107,1,45,1,1,1,0
4108,1,30,1,1,0,1
4109,0,29,0,0,0,1
4111,0,51,1,0,1,0
4112,0,28,0,0,1,1
4113,1,27,1,1,1,1
4115,0,30,0,0,1,1
4116,1,32,0,0,0,0
4117,1,27,1,5,1,1
4119,1,21,0,0,0,1
4120,0,34,1,0,1,1
4121,1,24,0,7,0,1
4122,1,32,1,0,1,0
4123,0,38,1,5,0,1
4124,1,56,0,3,1,0
4125,0,44,0,0,1,0
4126,1,31,0,1,0,0
4127,0,25,1,6,0,1
4128,0,20,0,0,0,0
4129,1,35,0,1,0,0
4130,1,33,0,1,1,1
4131,1,24,0,0,1,0
4133,1,27,0,9,0,1
4135,1,38,0,9,0,1
4136,1,20,1,0,0,1
4137,1,30,0,9,1,1
4138,1,36,1,9,0,1
4139,1,23,0,2,0,0
4140,1,39,0,21,0,1
4142,1,29,1,3,0,1
4143,1,58,1,2,1,0
4145,1,23,1,3,0,0
4146,0,68,0,5,1,1
4147,0,26,1,2,0,0
4148,1,51,0,0,1,1
4149,1,25,0,0,1,0
4150,1,40,0,5,0,1
4151,1,51,0,14,0,1
4152,1,27,0,2,0,0
4153,1,49,0,11,0,0
4156,1,20,0,0,1,1
4157,1,21,0,2,0,1
4158,0,31,0,0,1,1
4159,1,57,0,0,1,0
4160,0,61,1,8,1,1
4162,1,54,0,3,0,1
4163,1,39,1,0,1,1
4164,1,24,0,1,0,1
4166,1,48,0,8,0,1
4167,1,30,0,6,0,0
4168,1,26,0,10,0,1
4170,1,37,0,12,0,1
4171,1,26,0,4,0,1
4172,1,29,0,7,0,0
4173,1,26,0,1,0,0
4174,1,60,0,2,1,1
4175,1,27,1,2,0,1
4177,1,22,1,1,0,1
4178,1,28,0,3,0,1
4179,1,33,0,13,0,1
4180,1,28,0,2,1,1
4181,1,55,1,0,1,0
4182,1,21,0,6,0,1
4185,0,29,1,6,0,1
4187,1,24,0,2,0,0
4188,1,50,0,12,1,1
4189,1,24,0,1,0,0
4190,1,47,0,1,1,1
4192,1,54,1,6,1,1
4193,0,42,1,0,1,0
4194,1,35,1,5,1,1
4195,1,30,0,0,1,1
4196,1,53,1,1,1,1
4197,0,31,0,2,1,0
4200,1,31,0,0,1,1
4202,1,47,0,9,1,1
4205,1,24,0,9,0,0
4206,0,22,0,2,0,1
4208,0,30,0,2,1,1
4211,0,43,1,22,0,0
4212,1,50,0,0,1,0
4214,0,42,1,3,0,1
4215,0,29,1,1,0,1
4218,1,25,0,5,0,1
4219,1,36,0,4,0,1
4220,1,24,0,1,0,0
4221,1,28,1,5,0,1
4222,1,31,1,0,1,0
4223,1,23,0,0,1,1
4224,1,29,1,4,0,0
4225,1,51,0,11,0,0
4226,1,34,0,1,0,1
4227,1,29,0,12,1,1
4228,1,39,0,13,0,1
4230,1,59,0,15,0,0
4231,1,23,0,3,0,1
4232,1,31,0,15,0,1
4233,1,53,1,0,1,0
4234,1,34,0,12,0,1
4235,0,63,0,1,1,1
4237,0,21,0,0,0,1
4238,1,47,1,28,0,1
4239,1,34,0,7,0,1
4241,1,58,1,4,0,1
4243,1,36,0,16,0,1
4244,0,23,0,0,1,0
4245,1,34,0,5,1,1
4246,1,56,1,13,1,1
4247,0,52,1,0,1,1
4248,1,56,0,0,1,1
4249,0,37,0,0,1,0
4250,0,50,1,0,1,0
4251,1,25,0,1,1,1
4252,1,22,0,0,0,1
4253,0,43,1,0,1,0
4254,1,30,1,1,1,0
4256,1,24,1,0,1,1
4257,1,29,0,7,0,0
4259,0,24,1,0,1,1
4260,0,74,0,0,1,1
4261,1,27,0,8,0,0
4264,1,29,1,5,1,1
4266,0,35,0,5,1,1
4267,1,29,0,1,0,0
4268,1,36,1,1,1,1
4270,1,26,1,2,1,1
4272,0,26,0,1,0,1
4273,0,39,1,11,0,1
4274,1,22,0,3,1,1
4275,1,28,1,0,1,1
4276,1,51,1,1,1,1
4278,0,23,0,0,1,0
4279,1,29,0,6,0,1
4281,1,24,0,1,0,0
4283,0,33,0,5,0,1
4284,1,21,1,1,1,1
4285,1,59,1,3,1,0
4286,1,26,1,4,1,1
4292,1,21,0,1,0,1
4293,1,52,0,0,1,0
4294,1,56,0,12,0,1
4295,1,40,1,1,1,0
4296,0,48,1,8,1,0
4298,0,26,0,0,1,1
4300,1,66,1,1,1,1
4301,0,54,0,6,1,1
4302,1,31,1,4,0,0
4303,1,34,1,0,1,1
4304,1,25,0,9,0,1
4305,1,47,1,2,1,1
4306,1,51,0,12,0,1
4307,1,25,1,1,1,1
4309,0,31,0,2,1,1
4311,1,36,1,1,1,1
4313,1,49,1,0,1,0
4314,1,31,0,0,0,1
4315,1,30,1,1,1,1
4316,1,29,0,3,0,1
4317,0,53,1,6,0,1
4318,1,21,0,1,0,1
4319,1,21,0,0,1,1
4320,0,27,0,1,0,1
4321,0,65,0,0,1,1
4322,0,59,1,0,1,0
4323,1,59,0,0,1,0
4324,1,24,0,0,0,0
4325,1,40,0,0,1,1
4326,1,51,0,0,1,1
4327,1,34,0,10,0,1
4329,1,52,0,1,1,1
4332,1,38,0,2,1,1
4333,0,22,0,0,0,1
4334,1,43,0,0,0,1
4335,1,32,1,5,0,1
4336,1,55,0,0,1,1
4337,1,26,0,2,1,1
4338,1,23,1,1,1,0
4340,1,28,1,1,1,0
4343,1,26,0,0,1,1
4345,0,28,1,1,0,0
4346,1,43,0,0,0,1
4348,1,33,0,21,0,0
4349,1,21,1,0,1,0
4350,0,32,1,0,1,0
4351,1,22,0,1,1,1
4352,1,51,0,3,1,1
4353,1,20,0,2,0,1
4354,1,35,1,2,1,1
4355,0,37,0,3,1,1
4356,1,28,0,0,0,0
4357,1,41,1,3,0,0
4358,1,24,0,0,0,0
4359,0,33,0,3,1,0
4361,0,30,1,4,0,1
4362,1,20,0,1,0,1
4363,0,42,0,1,1,1
4364,0,40,0,15,0,1
4365,1,39,0,0,1,1
4366,1,21,0,0,0,1
4367,1,39,1,2,1,1
4368,1,24,1,0,1,1
4369,1,41,0,0,1,1
4370,1,39,0,1,1,1
4371,0,24,0,3,0,1
4372,0,24,0,1,1,1
4373,1,29,0,0,1,0
4375,1,25,1,2,0,0
4376,0,23,1,0,0,1
4377,1,22,0,1,0,1
4379,1,26,0,3,0,0
4380,0,24,0,3,0,0
4381,1,44,0,0,0,0
4382,1,36,1,1,1,1
4383,1,39,1,10,0,1
4384,1,42,1,0,1,1
4385,1,45,1,1,1,0
4386,1,25,0,7,0,1
4388,1,33,1,0,1,1
4389,1,25,1,0,1,0
4390,1,32,0,5,1,1
4391,1,23,0,0,0,1
4392,1,39,1,0,0,0
4393,1,27,0,12,0,1
4394,0,35,1,4,0,0
4396,0,38,0,0,1,0
4397,1,30,0,4,1,1
4398,1,30,1,1,0,1
4399,0,30,1,0,0,0
4400,1,26,0,18,0,1
4401,1,31,0,2,1,1
4404,0,25,0,0,0,0
4405,0,26,1,1,0,1
4406,1,38,0,2,0,1
4407,0,37,0,0,1,0
4408,1,34,1,3,0,0
4411,0,31,0,0,0,0
4412,0,29,1,0,1,0
4413,1,20,1,1,0,1
4414,1,22,0,0,1,1
4416,1,24,0,2,1,0
4417,1,47,0,0,0,1
4418,0,36,0,1,0,1
4419,1,21,0,1,1,0
4420,1,25,0,3,0,0
4421,1,23,0,5,0,1
4423,0,24,1,0,0,0
4424,1,35,1,2,1,1
4426,0,19,0,0,1,0
4427,1,32,1,0,1,1
4428,0,39,1,0,1,0
4429,1,30,0,12,0,1
4430,1,33,0,2,0,1
4432,0,36,1,0,1,0
4434,1,29,0,8,0,1
4435,0,40,1,0,1,1
4436,1,53,0,4,0,1
4437,0,28,1,0,1,0
4439,1,27,0,9,0,1
4440,1,55,1,0,1,1
4441,1,22,0,1,0,0
4442,0,34,0,1,1,1
4443,1,55,1,1,1,0
4445,0,47,0,21,0,0
4448,1,61,0,12,1,1
4449,1,57,0,3,1,1
4450,0,38,1,2,1,0
4451,1,25,1,13,1,1
4452,1,23,0,0,1,1
4453,1,23,1,3,0,1
4454,1,20,0,0,1,1
4455,1,44,1,1,0,1
4456,0,38,1,1,1,0
4457,1,56,0,5,1,1
4458,1,43,1,2,1,1
4459,1,22,0,0,1,1
4462,1,29,0,0,0,1
4463,1,22,0,1,0,1
4464,1,23,0,3,0,1
4465,1,24,1,1,1,1
4467,1,21,0,2,0,1
4468,0,29,0,0,1,0
4469,0,51,1,0,1,0
4471,1,25,0,1,1,1
4473,1,62,0,22,0,1
4474,1,25,0,0,1,1
4475,1,27,1,2,1,1
4477,0,22,1,3,0,1
4480,1,21,1,0,1,1
4482,0,39,1,2,0,1
4483,1,43,0,8,1,1
4484,1,22,0,0,0,0
4485,0,28,0,4,0,1
4486,1,43,1,0,0,1
4487,1,27,1,7,0,1
4489,1,31,1,1,1,1
4490,0,28,0,0,1,0
4491,1,58,1,3,1,0
4492,1,22,1,0,1,1
4494,1,31,0,5,1,1
4495,1,33,0,0,1,1
4496,1,26,0,6,0,0
4497,0,23,0,1,0,0
4498,1,32,1,11,0,1
4500,1,22,1,0,0,1
4501,0,35,0,2,1,1
4502,1,47,1,1,0,1
4504,1,29,0,17,0,1
4505,0,54,1,1,1,0
4506,1,29,1,0,0,1
4508,1,51,0,17,0,1
4509,0,36,0,0,0,0
4510,1,35,1,3,1,0
4511,1,20,0,1,1,1
4512,1,25,0,0,0,1
4513,1,29,0,2,0,0
4516,1,39,1,0,1,0
4517,1,30,0,1,1,1
4518,0,23,0,0,0,1
4519,0,23,0,1,1,1
4521,1,30,0,21,0,1
4522,1,33,0,18,0,1
4525,1,30,0,9,0,1
4526,1,23,0,1,0,1
4527,0,27,0,0,1,1
4528,1,38,0,10,0,0
4529,1,42,0,1,1,1
4530,1,31,0,0,1,1
4531,1,23,0,2,0,1
4532,1,31,1,1,1,1
4533,1,43,0,1,0,0
4534,1,39,1,0,1,1
4535,1,31,0,0,1,0
4536,1,22,1,3,0,1
4537,0,33,0,0,1,1
4539,1,23,0,1,0,1
4540,0,29,1,0,1,1
4541,1,62,1,2,1,1
4542,0,56,0,1,1,1
4543,0,24,0,4,1,1
4544,0,44,1,0,1,0
4545,1,22,0,2,0,1
4546,0,28,0,4,0,1
4547,1,30,0,0,0,1
4548,1,32,1,1,1,0
4549,1,51,1,3,0,1
4550,1,21,0,0,0,1
4551,1,21,0,2,0,1
4552,1,27,0,3,0,1
4554,0,31,0,0,1,1
4555,1,33,0,0,0,0
4556,0,49,1,2,1,1
4558,1,20,1,0,1,0
4559,1,31,0,10,0,1
4560,1,25,0,5,0,1
4561,1,23,0,4,0,1
4562,1,26,1,0,1,0
4564,1,28,1,1,1,0
4565,0,28,0,13,0,1
4566,1,39,1,0,1,1
4568,1,52,0,4,1,0
4573,1,30,0,2,1,1
4574,0,21,0,0,0,0
4575,1,25,0,2,1,0
4577,1,22,0,0,1,1
4578,1,61,0,20,1,0
4579,1,24,1,2,0,1
4581,0,26,1,2,0,1
4582,0,34,0,6,1,1
4583,1,45,0,12,0,0
4585,1,54,0,4,1,1
4586,1,51,0,8,0,0
4587,1,28,0,0,1,1
4588,1,23,1,0,1,1
4589,1,30,1,0,1,1
4590,1,25,0,0,1,0
4591,1,25,1,2,0,1
4592,1,28,1,2,0,1
4593,0,32,0,0,1,0
4594,1,35,0,7,1,1
4595,1,49,0,0,1,0
4596,1,36,1,5,1,1
4597,1,33,0,16,0,0
4599,0,58,1,1,1,0
4600,1,22,0,2,0,1
4601,1,28,1,2,1,1
4603,1,26,0,6,0,1
4604,0,36,1,3,1,1
4605,1,23,1,0,0,1
4606,1,22,0,0,0,1
4608,1,26,0,0,1,1
4609,1,25,0,1,0,1
4612,1,28,0,0,1,0
4614,1,56,0,1,1,1
4616,1,36,0,0,1,1
4617,1,51,1,0,1,0
4620,0,35,0,9,0,1
4621,1,24,1,0,0,0
4623,1,27,0,6,1,0
4624,1,22,1,2,0,1
4628,0,23,1,4,0,0
4629,0,27,1,0,1,0
4630,1,31,0,8,0,1
4632,1,25,1,3,0,1
4633,0,52,1,0,1,0
4635,0,24,1,0,0,1
4638,1,38,1,2,1,1
4642,1,20,0,3,0,1
4643,1,34,0,2,1,1
4644,1,25,0,11,0,0
4645,0,24,1,0,0,1
4647,1,49,1,4,0,0
4648,1,27,0,15,0,1
4649,1,28,0,10,0,1
4651,1,55,1,0,0,1
4653,1,47,1,3,1,0
4654,1,55,0,10,0,0
4655,1,22,0,0,1,1
4656,1,32,0,9,0,1
4657,1,55,1,0,1,1
4658,1,23,0,3,0,0
4659,1,54,1,2,1,1
4661,1,27,0,0,1,0
4663,0,29,0,5,0,1
4664,0,45,1,0,1,0
4666,1,40,1,4,1,1
4667,1,38,0,7,1,1
4669,1,26,0,3,0,1
4670,0,37,0,0,1,1
4672,1,41,1,1,1,1
4674,1,57,0,1,1,1
4675,1,34,0,3,0,0
4676,1,29,0,1,1,1
4678,1,22,1,1,1,1
4679,0,22,0,0,0,0
4681,1,21,0,0,1,0
4682,1,56,1,1,1,0
4683,1,48,0,4,1,1
4685,1,27,1,2,0,1
4687,1,23,0,5,0,1
4688,1,47,0,3,0,1
4689,1,33,0,6,1,0
4690,1,58,1,1,1,1
4691,0,33,0,1,0,1
4692,0,40,0,2,0,0
4693,1,22,1,0,0,1
4694,1,39,1,2,1,1
4697,1,35,1,1,1,1
4699,1,43,0,7,0,1
4702,1,26,0,2,0,1
4704,0,39,1,1,1,1
4705,1,36,0,16,0,0
4707,1,21,1,0,1,0
4711,1,53,0,6,1,1
4712,1,37,1,0,0,1
4713,1,21,0,1,0,1
4714,1,28,0,1,0,1
4715,1,21,0,1,0,1
4717,1,56,0,0,1,1
4718,1,30,1,3,1,0
4719,1,27,1,0,0,1
4721,1,27,0,1,0,1
4722,1,41,0,7,0,0
4723,0,30,0,7,1,0
4724,1,32,0,7,0,1
4727,1,32,0,3,1,1
4728,0,34,1,5,0,1
4729,1,46,0,3,1,1
4730,1,24,0,1,1,1
4731,1,32,0,7,0,1
4732,1,43,1,6,1,1
4733,1,50,1,3,1,1
4734,1,30,1,4,1,1
4735,1,37,0,3,0,0
4740,1,40,1,3,1,0
4741,0,53,1,0,1,0
4743,1,33,0,4,1,0
4745,0,22,0,0,1,0
4746,1,27,0,2,1,0
4747,1,25,0,5,0,0
4748,1,24,1,2,1,1
4749,0,24,0,2,0,1
4750,0,26,0,1,0,1
4752,0,26,0,3,0,1
4754,1,20,1,0,1,1
4755,1,27,0,4,0,0
4756,1,24,1,1,1,1
4757,1,26,0,8,0,1
4758,1,26,1,5,0,0
4762,1,64,0,13,0,0
4763,1,24,1,0,1,1
4765,0,57,1,0,1,0
4766,0,46,1,0,1,0
4767,1,56,0,16,0,1
4768,0,39,1,0,1,0
4769,1,68,1,4,1,0
4771,1,28,0,1,1,0
4772,1,39,0,19,0,0
4773,1,38,1,0,1,0
4774,0,25,0,3,0,0
4775,1,25,1,2,0,1
4776,1,21,0,3,0,1
4777,1,31,1,2,0,1
4778,1,33,0,3,0,1
4779,1,26,0,20,0,1
4781,0,35,0,13,0,1
4782,1,34,0,19,0,0
4785,0,42,0,1,1,1
4786,1,26,0,9,0,1
4788,1,36,0,2,0,1
4789,1,41,0,24,0,1
4790,1,27,1,0,1,1
4792,1,45,1,3,1,1
4793,1,34,1,5,1,1
4795,1,25,1,6,0,1
4796,1,24,0,2,0,0
4798,1,27,0,2,0,1
4800,1,30,1,2,1,0
4801,1,22,1,3,0,1
4802,1,27,0,0,0,1
4804,1,41,0,19,0,1
4805,1,30,1,0,1,1
4806,1,24,0,3,0,1
4807,1,39,0,0,1,0
4809,0,32,0,3,1,1
4810,0,29,1,0,0,1
4812,1,26,0,24,0,1
4813,1,24,0,2,0,1
4815,1,20,0,4,0,1
4816,1,25,0,1,0,0
4817,0,31,1,0,1,1
4818,1,25,0,0,0,0
4819,1,41,1,0,1,1
4820,1,25,1,0,1,1
4821,1,25,0,2,0,1
4822,1,22,0,1,1,1
4823,0,25,0,0,0,1
4824,1,38,0,0,1,0
4826,0,49,1,4,1,0
4827,0,35,1,2,1,0
4830,1,21,1,1,1,1
4833,0,24,0,11,0,0
4834,1,28,1,3,1,1
4836,1,34,0,4,0,1
4837,1,57,0,8,0,0
4838,1,40,0,15,0,1
4839,1,22,0,2,1,0
4840,1,37,0,3,0,0
4841,0,43,0,0,0,1
4842,1,26,0,5,0,1
4843,1,24,1,2,1,1
4845,1,56,1,1,1,1
4846,1,23,0,2,0,1
4847,1,43,1,12,0,1
4849,1,21,0,0,0,1
4850,1,51,0,2,1,1
4851,1,20,0,0,0,0
4853,1,42,0,17,0,1
4856,0,30,0,2,1,0
4857,1,28,1,4,0,0
4859,0,24,1,9,0,0
4860,1,22,0,1,0,1
4862,1,50,1,1,1,1
4863,1,30,0,5,0,0
4864,1,28,1,0,1,1
4865,1,21,0,3,0,1
4867,0,51,1,0,0,1
4868,1,21,0,1,0,1
4869,1,29,1,0,1,1
4870,1,43,1,0,1,0
4871,1,22,0,1,1,1
4872,1,52,0,0,0,1
4873,1,36,0,0,1,1
4874,1,24,0,0,1,1
4875,1,26,0,5,0,1
4876,1,27,0,8,0,0
4877,1,19,1,0,0,0
4878,1,26,1,2,0,1
4880,0,29,0,0,1,1
4881,0,29,1,20,0,1
4882,1,38,0,1,1,1
4883,1,34,0,5,0,1
4886,0,29,0,1,1,0
4887,1,24,0,1,0,1
4889,1,50,1,0,1,1
4890,0,24,0,0,0,0
4891,0,31,0,0,1,1
4892,1,36,0,13,0,1
4893,1,32,0,13,0,0
4895,1,42,0,1,1,0
4896,1,22,0,0,0,1
4897,1,26,0,5,0,1
4898,1,26,0,10,0,1
4900,1,53,1,3,1,0
4901,1,23,0,2,0,1
4902,1,22,1,0,1,1
4903,1,27,1,0,1,0
4905,1,42,1,2,0,1
4906,1,31,0,4,0,1
4907,1,80,1,0,1,0
4909,1,68,0,6,1,0
4910,1,23,0,1,0,1
4911,1,36,0,4,0,1
4912,1,24,1,0,0,1
4914,1,21,1,0,0,1
4915,1,26,0,3,1,0
4916,0,30,0,8,0,1
4918,1,36,1,1,0,1
4919,1,21,0,0,0,1
4920,0,31,0,1,0,0
4921,0,20,0,0,0,1
4922,1,49,1,4,0,0
4923,1,24,1,0,0,1
4924,1,20,0,0,0,1
4925,1,44,1,1,1,0
4926,0,25,0,1,1,1
4927,1,41,1,11,1,1
4928,1,25,0,1,1,1
4930,1,33,0,0,1,1
4931,1,20,0,0,0,1
4932,1,21,0,1,0,1
4933,1,44,1,3,0,1
4934,1,23,0,1,0,1
4935,1,35,0,0,0,0
4936,0,41,0,0,1,0
4937,1,30,0,1,0,1
4939,1,36,0,7,1,1
4940,1,26,0,1,1,1
4943,1,23,1,0,1,0
4944,0,43,0,9,0,0
4945,1,30,0,3,1,1
4946,1,44,1,1,1,1
4948,1,39,1,1,1,1
4951,1,31,0,6,0,1
4952,1,63,1,5,1,0
4953,0,66,0,11,0,1
4955,1,24,1,3,0,1
4956,1,21,1,2,0,0
4957,0,48,1,0,1,1
4958,1,37,0,0,1,1
4959,1,21,0,0,1,0
4962,0,64,1,0,1,0
4963,1,22,1,0,0,0
4964,1,43,1,8,1,1
4965,1,25,1,3,0,1
4966,1,33,1,10,0,1
4967,1,26,0,1,0,1
4968,0,33,1,1,1,0
4972,1,44,0,0,1,1
4973,1,31,0,0,1,1
4974,1,50,1,9,0,0
4975,1,33,0,16,0,1
4977,1,31,0,1,0,1
4979,0,43,0,2,1,0
4981,1,27,0,0,1,0
4984,1,31,0,6,0,0
4986,1,26,0,2,1,1
4987,1,20,0,4,0,1
4990,1,29,0,6,1,1
4992,1,31,0,11,0,1
4994,1,59,1,0,1,0
4995,1,49,0,1,1,0
4996,1,36,1,11,0,0
4997,0,23,0,1,1,1
4998,1,46,1,26,0,1
4999,1,59,1,2,1,0
5001,1,34,0,0,1,1
5003,1,54,0,1,1,1
5004,1,24,0,3,0,1
5007,1,22,1,0,0,1
5008,1,36,0,0,1,1
5009,1,61,1,0,1,0
5010,0,38,0,0,1,0
5013,1,32,0,0,1,1
5014,1,37,1,1,0,1
5016,1,21,0,4,0,1
5017,1,57,0,0,1,1
5018,1,68,0,2,1,1
5019,1,24,0,0,1,0
5020,1,46,0,3,1,1
5021,1,41,1,1,1,1
5023,1,25,0,8,0,1
5024,1,24,0,7,0,1
5025,1,41,0,1,1,1
5029,1,33,1,1,1,1
5030,1,23,0,0,1,1
5031,0,47,1,28,0,1
5032,0,51,1,0,1,1
5033,1,36,1,1,1,0
5035,1,43,0,0,1,0
5036,1,26,0,4,0,1
5038,1,60,0,1,1,1
5039,1,24,0,0,0,0
5040,1,20,1,0,0,1
5042,0,28,1,0,1,0
5043,1,28,0,7,0,1
5044,1,58,1,2,1,0
5048,0,24,0,2,0,1
5051,1,37,0,0,0,1
5052,1,28,0,8,0,1
5053,1,46,1,14,1,1
5054,1,45,1,2,1,0
5055,1,20,0,2,0,1
5056,1,52,0,0,1,0
5057,1,29,0,0,1,0
5058,1,34,0,11,0,1
5059,1,24,0,0,1,1
5060,1,28,0,6,0,1
5061,1,28,0,2,0,1
5062,1,29,0,0,0,1
5063,0,55,1,2,1,1
5066,1,24,1,3,0,1
5067,1,20,0,0,1,1
5068,1,23,0,0,0,0
5069,1,44,0,6,1,1
5070,1,34,0,8,0,1
5071,1,55,0,0,1,0
5072,0,23,0,0,0,1
5073,0,23,0,3,0,1
5075,1,77,0,0,1,0
5076,1,52,1,3,1,0
5077,1,34,0,8,0,1
5079,1,30,1,2,1,0
5081,1,30,0,3,1,0
5082,1,26,0,0,1,1
5083,0,51,1,1,1,0
5084,1,34,0,2,1,1
5085,1,23,1,0,1,1
5086,1,32,1,2,1,1
5087,1,38,0,8,0,0
5088,1,21,0,0,0,1
5090,1,53,1,8,1,0
5091,1,34,1,1,0,1
5093,1,25,1,5,0,1
5094,1,54,0,1,1,0
5095,1,25,1,2,1,0
5099,1,22,0,0,0,1
5100,0,23,0,2,0,1
5101,1,27,1,1,0,0
5102,1,45,0,7,1,1
5104,0,31,1,9,0,1
5105,1,45,1,1,1,0
5106,1,28,0,12,0,1
5107,1,24,0,1,0,1
5108,0,28,1,6,0,0
5109,1,41,0,2,1,1
5110,1,35,0,3,1,0
5111,1,20,0,1,0,1
5112,1,32,0,19,0,1
5113,1,28,0,2,0,1
5114,1,33,0,7,0,1
5115,1,26,0,8,0,1
5116,1,22,0,1,0,0
5117,0,25,0,4,0,1
5119,0,23,1,1,1,0
5120,1,30,0,2,0,1
5122,1,25,0,11,0,0
5125,1,33,0,3,0,1
5126,1,35,1,3,1,0
5127,1,34,1,13,0,1
5128,1,37,0,2,1,1
5129,0,55,1,0,0,1
5130,1,43,1,1,1,0
5131,1,27,0,27,0,0
5132,1,26,0,7,0,1
5133,0,42,1,4,0,0
5135,1,41,1,1,0,1
5136,1,21,0,2,0,0
5137,1,30,0,4,1,0
5138,1,30,1,1,0,1
5139,0,45,1,0,0,1
5140,1,23,0,2,0,1
5141,0,31,0,2,0,1
5142,1,40,0,8,0,0
5143,1,33,0,1,1,1
5144,1,40,0,11,1,0
5145,1,56,1,1,1,1
5146,1,21,0,0,1,0
5148,1,51,0,4,1,1
5149,1,36,1,0,1,0
5151,1,30,1,0,1,0
5152,0,21,1,0,0,1
5156,1,41,0,3,1,0
5157,0,22,1,0,0,1
5160,0,40,0,2,1,1
5162,1,37,0,2,1,1
5163,0,37,0,0,1,1
5164,0,23,0,2,0,1
5166,1,19,0,1,1,1
5167,1,26,1,1,1,1
5169,1,25,0,0,1,0
5171,1,39,1,17,1,1
5172,1,36,1,0,1,1
5173,1,26,0,6,0,0
5174,1,51,0,8,1,0
5175,1,20,0,0,0,1
5176,0,43,1,0,1,0
5177,1,22,0,0,0,1
5178,0,24,1,0,0,0
5179,1,35,0,2,1,1
5182,1,55,1,0,1,0
5183,0,52,0,0,1,0
5184,0,33,0,0,0,0
5186,1,32,0,3,0,1
5187,1,20,0,5,0,1
5188,1,67,0,8,1,1
5189,1,31,0,7,1,0
5190,1,21,1,0,1,1
5191,1,30,0,4,0,0
5192,1,55,1,0,1,0
5193,1,25,0,0,1,1
5194,1,25,0,0,0,1
5196,1,27,0,10,0,1
5197,1,22,0,0,1,1
5198,1,37,0,8,0,1
5199,1,68,1,7,0,1
5200,1,37,1,0,0,1
5202,1,22,1,5,0,0
5203,1,30,0,4,1,0
5204,1,34,0,1,1,0
5206,1,37,1,4,0,0
5207,0,41,0,8,0,1
5209,1,36,1,2,1,0
5210,1,26,1,2,1,1
5211,1,24,1,0,1,1
5212,1,27,0,0,0,1
5213,0,37,1,0,1,0
5216,1,23,0,3,0,1
5217,1,58,1,5,1,0
5218,0,62,1,1,1,0
5219,0,41,0,0,1,1
5221,1,33,0,0,1,0
5222,1,33,0,12,0,1
5223,1,41,0,14,0,1
5225,1,26,1,3,0,1
5226,0,33,1,0,1,1
5227,1,25,0,0,0,0
5228,1,37,0,0,1,0
5229,1,23,1,11,0,1
5231,1,21,0,0,0,0
5232,1,45,1,21,0,1
5233,1,37,1,13,0,1
5234,1,24,0,2,1,0
5235,1,35,0,0,1,1
5236,0,22,0,0,1,1
5237,1,29,1,10,0,1
5238,1,41,0,6,1,1
5244,1,51,0,19,0,1
5245,0,26,0,1,1,1
5246,1,46,0,2,0,0
5247,1,41,1,0,1,1
5248,1,31,1,9,0,1
5249,1,25,0,2,0,1
5250,1,27,0,1,0,0
5251,1,31,0,13,0,1
5252,1,23,1,0,1,0
5253,1,52,0,7,1,0
5254,1,29,0,6,0,1
5255,1,40,1,10,0,1
5256,0,49,1,0,1,1
5257,1,49,1,8,1,1
5258,1,24,0,3,0,1
5259,1,41,0,7,1,0
5260,0,27,0,3,0,0
5261,1,40,0,1,1,1
5262,1,47,1,0,1,0
5263,0,20,1,0,0,1
5264,1,21,0,2,0,0
5265,1,44,0,8,0,0
5266,1,41,1,0,1,0
5267,1,31,0,5,0,0
5269,0,67,0,0,1,1
5270,1,42,1,1,1,0
5271,1,25,0,0,1,1
5274,1,23,1,6,0,1
5275,1,27,0,13,0,1
5276,1,23,0,2,1,1
5277,1,33,1,2,1,1
5278,1,41,1,0,1,0
5279,0,31,1,1,1,1
5281,1,21,0,2,0,1
5282,1,53,0,5,1,1
5283,1,36,0,1,1,0
5284,1,58,1,10,1,0
5285,1,62,1,0,1,1
5286,1,25,1,4,0,1
5287,1,51,0,15,0,1
5288,1,46,1,2,1,1
5289,1,28,0,4,1,0
5290,1,24,1,2,1,1
5291,1,32,1,6,0,1
5293,1,23,0,2,0,1
5296,0,58,1,0,1,0
5298,1,59,0,8,0,1
5300,1,20,0,0,0,1
5301,1,57,1,0,1,0
5302,1,37,1,1,1,1
5303,1,43,0,0,1,1
5304,0,36,0,1,0,0
5305,1,59,1,0,1,0
5306,1,35,1,4,1,1
5307,1,29,0,5,0,1
5308,0,21,0,0,0,0
5309,1,28,1,0,1,0
5310,1,34,0,5,1,0
5311,0,42,0,16,0,1
5312,1,21,0,3,0,1
5313,1,69,0,1,1,1
5314,0,49,1,1,1,0
5315,0,24,1,0,0,0
5316,1,27,0,4,0,1
5317,0,55,0,1,1,0
5319,1,24,0,7,0,0
5321,1,21,1,1,1,1
5322,1,28,1,0,0,1
5323,1,34,0,4,0,0
5324,1,27,0,2,0,1
5325,1,37,0,12,0,0
5328,1,23,1,0,1,1
5330,1,27,0,5,0,1
5331,1,50,0,1,1,1
5332,1,22,0,1,0,1
5333,1,43,0,1,0,1
5334,1,29,1,0,0,0
5336,1,61,1,1,1,1
5337,1,34,0,1,1,1
5339,1,31,0,16,0,1
5340,1,21,1,0,1,1
5341,1,23,0,1,0,1
5343,1,24,0,1,0,0
5344,1,30,0,1,0,1
5345,1,32,0,17,0,1
5346,1,61,1,0,1,0
5347,1,27,1,3,1,0
5350,1,60,1,0,1,0
5351,1,23,0,1,0,0
5352,1,40,1,0,1,0
5353,1,30,1,0,1,1
5355,0,20,0,0,0,1
5357,1,24,0,0,0,0
5358,1,30,0,5,1,0
5359,0,20,0,0,1,0
5360,1,25,0,0,1,0
5361,1,38,1,0,1,0
5362,1,29,0,0,1,1
5363,0,38,1,1,0,0
5364,1,27,0,1,1,1
5365,1,21,1,0,1,0
5366,1,24,0,1,0,1
5367,1,53,1,3,1,1
5368,1,36,1,4,1,1
5369,1,64,0,8,1,0
5370,1,23,0,0,0,0
5371,1,26,1,3,0,0
5372,1,48,1,0,1,1
5374,1,21,0,0,1,1
5375,1,20,0,0,0,1
5376,1,37,0,17,0,0
5377,1,51,1,8,0,1
5378,1,47,1,2,1,1
5380,1,27,0,2,0,1
5381,1,45,0,16,0,1
5382,1,41,1,0,1,1
5383,1,31,1,3,1,0
5386,1,39,1,1,1,1
5387,1,33,1,0,1,1
5388,0,21,0,1,0,1
5390,1,27,0,3,1,0
5392,0,24,1,0,1,0
5393,1,29,0,3,1,0
5395,1,21,1,0,0,1
5396,0,31,1,14,0,1
5398,1,62,1,0,1,0
5399,1,39,1,3,0,1
5400,1,56,1,2,1,0
5401,1,28,0,6,1,1
5402,0,26,0,6,0,1
5403,1,24,0,5,0,1
5406,1,28,0,7,0,1
5407,0,36,0,1,1,0
5409,0,38,1,0,1,0
5410,1,23,0,1,1,1
5411,1,28,1,5,0,0
5412,0,29,1,7,0,1
5415,1,29,0,0,1,0
5417,1,29,0,11,1,1
5418,1,34,0,8,0,0
5419,1,26,0,6,0,1
5420,1,58,0,0,1,1
5423,1,48,1,0,0,0
5425,1,30,0,1,1,1
5426,1,44,0,0,1,1
5429,1,36,1,5,1,1
5430,0,29,0,11,0,1
5432,1,53,0,3,0,1
5434,1,35,0,8,0,0
5435,0,39,1,3,1,1
5437,0,26,1,2,0,1
5438,1,26,0,10,0,1
5439,1,28,0,8,0,0
5440,0,21,1,3,0,0
5441,1,37,0,8,0,1
5443,1,22,0,12,0,1
5445,1,28,0,12,0,1
5446,0,56,1,0,1,0
5448,1,30,1,0,1,1
5449,1,27,0,2,1,1
5452,0,27,1,6,0,1
5453,1,43,0,15,0,0
5454,0,53,0,5,0,1
5455,1,27,0,6,0,1
5456,1,26,0,6,0,0
5457,0,24,1,1,0,1
5458,1,30,0,0,0,1
5460,1,26,0,4,0,1
5461,1,24,0,3,0,0
5464,1,54,0,4,1,1
5468,0,36,0,13,0,1
5469,1,21,0,1,0,1
5470,1,26,1,10,0,1
5471,1,26,1,10,0,0
5472,1,45,1,0,1,1
5473,1,47,1,1,0,0
5478,1,31,0,2,1,1
5479,1,21,0,0,0,1
5480,0,28,0,1,1,0
5481,1,29,1,9,0,1
5482,1,28,0,2,1,1
5483,0,25,1,1,1,0
5484,1,22,0,0,1,1
5485,0,21,0,0,0,1
5486,1,48,1,0,0,1
5487,1,25,0,4,0,1
5488,1,37,0,7,0,1
5489,1,31,1,5,0,1
5491,1,24,0,0,1,0
5492,1,30,0,15,0,1
5493,1,47,1,5,1,0
5494,1,66,1,2,1,0
5495,1,51,0,21,0,1
5498,0,28,1,3,0,1
5499,1,35,0,1,1,0
5503,1,24,0,0,0,1
5505,1,36,1,0,1,1
5507,1,21,0,0,1,1
5508,1,27,0,7,0,1
5509,1,28,0,18,0,1
5511,1,39,1,16,0,1
5512,1,19,0,0,1,1
5514,1,40,0,2,1,1
5515,1,30,1,5,0,1
5516,1,28,1,0,1,1
5517,1,27,1,0,1,0
5520,1,25,0,7,0,1
5523,0,24,0,0,1,1
5524,1,44,1,0,0,1
5525,1,44,0,0,1,1
5526,0,23,0,0,0,0
5527,0,31,1,2,0,1
5528,1,27,0,0,1,1
5529,0,26,1,1,0,1
5530,1,57,0,16,0,0
5531,1,55,1,0,1,1
5533,0,36,1,7,0,1
5535,1,30,0,18,0,0
5536,1,34,0,0,0,1
5537,1,24,0,1,1,1
5539,1,42,0,7,1,1
5540,0,34,1,12,0,1
5542,1,40,1,6,1,1
5547,1,31,1,3,1,0
5549,1,27,1,1,1,0
5551,1,37,0,3,1,0
5552,1,25,0,1,1,1
5553,1,45,1,2,1,1
5555,1,31,1,1,0,1
5556,1,23,0,0,0,1
5557,1,21,0,0,1,1
5558,1,28,0,6,0,0
5559,1,35,0,0,1,1
5560,1,29,0,4,1,1
5561,1,23,0,2,1,1
5562,1,28,0,7,0,1
5563,0,34,1,0,0,0
5564,0,32,1,5,1,1
5566,1,25,0,2,1,1
5567,1,34,1,15,0,1
5568,1,47,0,4,1,1
5570,0,30,0,4,0,1
5571,1,22,1,0,1,0
5573,0,47,0,7,0,1
5574,1,37,1,3,0,1
5575,1,37,0,8,0,0
5576,1,26,0,7,0,1
5577,0,31,1,0,1,0
5578,1,20,1,0,1,1
5579,1,22,0,0,0,1
5580,1,33,0,14,0,1
5581,1,30,0,1,1,0
5582,1,27,1,5,0,1
5583,1,24,0,2,0,0
5585,1,29,0,0,1,0
5586,1,24,1,0,1,1
5589,0,36,0,1,1,1
5590,1,23,0,0,1,0
5591,1,21,0,1,0,1
5592,1,29,0,6,0,1
5595,1,29,0,4,0,0
5596,0,26,0,0,0,0
5597,0,50,1,7,1,0
5598,1,32,0,1,1,1
5600,1,30,0,1,1,1
5601,1,25,0,0,0,1
5602,0,44,1,10,0,1
5603,1,58,0,0,1,1
5604,1,24,0,5,0,1
5605,1,20,0,1,0,1
5606,1,29,1,0,1,0
5607,1,21,1,1,0,1
5610,0,46,1,1,1,1
5611,1,29,0,17,0,1
5612,1,30,0,0,1,1
5613,1,55,0,8,1,1
5615,1,47,1,2,1,0
5617,1,30,0,13,0,1
5618,1,24,0,4,0,1
5620,1,45,1,0,0,1
5621,1,26,0,2,0,0
5622,0,42,1,0,1,0
5623,1,34,0,1,1,0
5624,1,21,0,0,1,0
5625,0,69,1,2,1,0
5626,1,24,1,5,0,1
5627,1,45,0,1,1,0
5629,1,25,0,8,0,0
5630,1,52,0,2,1,0
5631,1,30,1,0,1,1
5636,1,38,0,2,1,0
5638,1,23,0,4,0,1
5642,0,22,0,0,0,1
5643,1,35,0,6,1,1
5644,1,24,0,0,0,1
5645,1,35,0,1,0,0
5646,1,25,0,2,0,1
5647,1,58,1,3,1,0
5648,1,27,0,7,1,1
5649,1,24,0,6,0,1
5650,1,33,1,2,1,0
5651,1,44,1,4,1,1
5652,1,30,0,3,0,1
5654,1,28,1,0,1,1
5655,1,34,0,1,1,1
5656,1,26,0,1,0,1
5657,1,23,0,0,1,1
5658,1,29,1,11,0,1
5659,1,31,0,0,1,0
5661,1,30,0,14,0,1
5662,1,21,1,2,1,1
5663,1,44,0,0,1,1
5664,1,52,0,0,1,1
5665,1,30,0,6,0,1
5666,1,31,0,9,0,1
5667,0,21,0,2,0,1
5668,1,77,1,1,1,0
5669,1,61,1,4,0,1
5670,0,41,0,0,1,0
5671,0,24,1,0,0,0
5672,0,34,0,5,1,1
5675,1,25,0,6,0,0
5676,1,30,0,1,1,1
5678,1,55,1,1,1,1
5680,1,32,1,0,0,1
5681,1,53,0,5,1,0
5682,1,50,1,1,1,0
5685,1,36,0,7,0,1
5686,1,35,0,16,0,1
5687,0,25,1,0,1,0
5688,0,31,1,2,0,0
5689,0,26,0,1,0,1
5690,1,25,1,0,1,0
5691,1,32,0,0,1,0
5692,1,40,1,5,1,1
5693,1,35,0,0,1,1
5694,1,27,0,2,1,1
5695,1,33,0,12,0,1
5697,1,30,1,2,1,1
5698,1,30,0,0,1,1
5699,1,41,0,19,0,1
5701,0,29,1,0,0,1
5703,1,25,1,0,0,1
5704,1,50,1,0,1,1
5705,1,35,1,4,1,1
5706,1,37,0,17,0,1
5707,1,43,0,4,1,1
5708,1,29,1,12,0,0
5709,0,61,1,0,1,1
5710,0,22,0,4,0,1
5711,1,27,1,2,1,1
5714,0,34,0,1,1,0
5717,0,20,0,0,0,0
5718,1,30,0,0,1,0
5719,0,43,0,0,1,0
5720,1,51,1,4,1,1
5722,1,42,0,7,0,1
5725,0,24,1,0,0,0
5726,1,36,1,12,1,1
5727,1,39,1,0,1,1
5728,1,32,0,2,0,0
5730,1,38,0,0,1,0
5731,0,27,0,8,0,1
5733,0,30,1,0,0,1
5734,0,43,1,0,1,0
5735,1,30,0,8,0,0
5737,0,26,1,1,1,0
5738,1,37,1,3,1,1
5739,1,25,1,5,0,1
5740,1,65,1,1,1,1
5743,1,29,1,1,1,1
5744,1,32,1,3,0,1
5746,1,21,0,8,0,1
5747,1,21,1,1,1,1
5748,1,47,1,13,1,0
5749,0,36,0,4,1,1
5750,0,25,0,6,0,1
5751,1,32,1,4,1,0
5752,1,43,1,1,1,1
5753,1,27,0,2,0,1
5754,1,26,0,8,1,0
5755,1,21,0,1,1,1
5758,1,40,0,23,0,0
5759,1,38,1,3,1,0
5760,1,41,0,7,0,1
5761,1,25,1,7,0,1
5762,1,21,1,1,1,1
5763,0,74,1,0,1,0
5764,1,41,1,5,1,0
5767,1,30,0,1,1,0
5768,0,33,1,3,0,1
5769,1,24,1,2,1,0
5771,0,29,1,0,0,0
5772,0,42,1,0,1,1
5773,0,30,1,1,1,1
5774,1,33,0,0,0,1
5776,1,21,0,2,0,1
5777,0,41,1,9,1,0
5778,0,28,0,5,0,0
5780,0,52,0,3,1,1
5784,1,25,0,0,1,1
5785,0,27,0,0,1,0
5786,1,35,1,0,1,1
5787,1,40,0,2,1,0
5789,1,24,0,2,0,0
5790,1,24,0,10,0,1
5794,1,50,1,1,1,1
5795,1,21,0,1,0,1
5797,1,24,0,2,0,1
5799,1,29,0,3,1,0
5800,0,25,1,0,1,0
5801,1,38,0,0,1,1
5802,1,46,1,1,1,1
5803,1,33,0,9,0,0
5807,0,39,0,3,0,1
5810,1,35,0,4,1,1
5811,1,49,1,12,1,1
5813,1,27,1,0,0,0
5814,1,22,0,2,0,1
5815,0,29,0,0,1,1
5816,1,31,0,0,0,0
5819,0,65,1,0,1,1
5821,1,24,1,6,0,1
5822,1,46,0,0,1,0
5824,1,20,0,0,1,1
5825,1,29,0,16,0,1
5826,1,29,0,7,1,1
5827,0,56,1,3,1,1
5828,1,21,0,0,1,1
5829,1,40,0,0,0,1
5830,1,22,0,2,0,0
5831,1,39,1,0,1,0
5832,1,22,0,1,0,1
5834,1,36,1,1,1,1
5835,1,30,0,0,1,1
5837,1,36,0,0,0,0
5839,1,32,0,0,1,1
5840,0,34,0,5,0,1
5842,1,52,1,0,1,0
5843,1,20,1,1,0,1
5844,1,38,0,5,1,0
5845,1,46,1,0,1,0
5846,1,27,0,0,1,1
5847,1,20,0,2,1,1
5849,0,29,1,1,1,1
5850,0,35,0,7,1,1
5851,1,37,1,1,1,0
5852,1,63,1,0,1,1
5854,1,27,0,1,1,1
5855,1,27,0,0,0,1
5856,1,24,0,2,0,0
5859,1,25,1,4,0,1
5861,1,27,0,0,1,0
5862,0,48,0,0,0,0
5863,0,26,0,1,1,0
5865,1,23,1,1,0,1
5866,1,22,1,3,1,0
5868,1,41,0,0,1,1
5869,1,21,0,0,0,1
5872,0,39,0,3,0,0
5874,1,46,1,0,1,0
5878,1,36,0,2,1,1
5880,1,32,1,0,1,0
5881,1,38,0,17,1,0
5883,1,22,0,1,0,1
5884,1,69,1,0,1,0
5885,1,26,0,2,1,1
5886,0,27,0,1,0,0
5888,1,22,0,2,0,1
5889,0,43,1,0,1,1
5892,0,55,1,0,1,0
5894,1,20,0,1,1,1
5895,1,22,0,1,0,0
5897,1,33,1,9,0,1
5898,1,55,1,7,0,1
5899,1,22,0,1,0,1
5900,1,55,0,1,1,1
5901,0,43,1,0,1,1
5902,1,21,0,0,0,1
5904,1,23,0,0,1,1
5905,0,28,1,1,0,0
5907,1,39,0,1,1,1
5908,1,79,1,1,1,0
5909,1,48,1,1,1,1
5911,1,31,0,5,0,0
5912,1,30,1,4,0,0
5913,1,32,0,5,1,1
5914,1,56,1,1,1,0
5916,1,43,0,2,1,0
5918,1,27,0,21,0,1
5919,1,41,0,0,0,0
5921,1,43,0,3,1,0
5922,0,33,0,1,1,1
5923,1,22,0,0,1,1
5924,1,34,0,3,1,1
5925,1,36,1,0,1,0
5926,1,69,1,0,0,1
5927,1,32,1,5,0,1
5928,1,22,0,1,0,1
5929,1,46,1,0,0,1
5930,1,34,1,1,0,0
5932,1,39,0,0,1,0
5933,1,25,0,6,0,0
5935,1,63,0,9,0,1
5936,1,24,1,8,1,1
5937,1,29,1,2,0,0
5938,1,20,0,3,0,1
5939,0,40,1,0,0,0
5940,1,30,0,7,0,1
5942,1,50,1,5,0,1
5943,1,37,0,4,0,0
5944,1,34,0,1,0,1
5946,0,31,0,1,1,0
5947,1,23,1,10,0,1
5949,1,37,1,2,1,1
5952,1,26,1,2,0,1
5953,1,34,0,12,0,1
5954,1,59,1,2,1,0
5956,1,37,1,2,1,0
5958,1,45,1,1,1,1
5959,1,22,0,1,0,1
5960,1,24,0,3,0,1
5961,1,25,0,5,0,1
5962,1,24,0,6,0,1
5964,1,20,0,1,1,0
5966,0,32,1,2,1,1
5968,1,49,0,3,0,1
5970,1,31,1,11,0,1
5971,1,58,1,7,0,1
5973,1,26,0,11,0,1
5974,1,20,0,1,0,1
5976,1,51,1,1,1,0
5977,1,30,0,2,1,0
5980,1,26,0,2,0,1
5984,0,26,1,0,0,1
5985,1,26,0,5,1,1
5986,1,20,1,0,1,1
5987,1,28,0,0,1,1
5988,1,23,0,1,1,0
5989,0,21,0,0,0,0
5991,1,30,1,0,1,1
5992,1,21,1,2,0,1
5993,1,20,1,1,0,1
5994,1,24,1,5,0,1
5995,1,35,0,22,0,1
5997,1,50,1,2,1,1
5998,1,25,0,5,0,0
6000,1,31,0,12,0,0
6001,1,26,0,0,0,1
6002,1,22,0,0,1,1
6003,1,29,0,0,1,1
6005,1,52,1,1,1,1
6007,1,21,0,0,0,1
6008,1,21,1,1,0,1
6009,0,20,1,0,0,1
6011,1,30,1,1,1,1
6012,0,33,0,3,1,0
6013,1,24,0,3,0,1
6015,0,30,0,11,0,1
6016,0,30,1,0,1,0
6017,1,47,0,13,1,1
6018,1,41,0,9,0,0
6021,1,48,1,6,1,1
6022,1,52,0,2,0,1
6023,0,34,0,1,1,0
6024,1,35,1,0,1,1
6027,1,24,0,1,1,1
6032,1,25,0,1,1,0
6033,1,34,0,20,0,1
6034,1,25,0,2,1,1
6036,1,56,1,6,1,1
6037,1,23,0,0,1,1
6038,1,21,1,0,1,0
6039,1,66,1,0,1,0
6040,1,28,0,7,0,0
6041,1,29,1,0,1,0
6042,1,22,1,3,0,1
6043,1,39,1,0,1,1
6044,1,33,0,9,0,0
6045,1,29,1,2,1,1
6046,1,31,1,1,1,1
6047,1,22,0,0,0,0
6048,0,22,1,0,0,0
6049,1,35,1,3,1,1
6050,1,29,1,3,1,1
6053,1,56,1,1,1,1
6054,0,34,0,0,1,1
6055,1,23,0,1,1,1
6056,1,27,0,1,0,1
6057,1,43,1,2,1,1
6058,1,38,1,0,1,1
6059,1,39,1,3,1,1
6060,1,24,0,1,1,1
6061,1,26,0,2,1,0
6062,0,55,1,0,1,0
6063,1,35,0,1,0,1
6064,1,61,0,25,0,1
6066,1,40,1,4,0,1
6067,1,33,0,3,1,1
6068,1,26,1,0,0,1
6069,1,32,1,15,0,1
6070,1,28,0,0,1,1
6071,1,45,1,0,1,0
6072,1,30,1,0,0,1
6073,0,57,1,4,1,1
6074,1,26,0,3,0,1
6075,1,35,0,1,0,1
6077,0,29,0,0,0,1
6078,0,40,1,0,1,0
6079,1,28,1,1,1,1
6080,0,25,0,0,1,0
6081,1,44,0,3,0,0
6084,1,23,1,4,1,1
6085,1,29,0,0,1,1
6086,1,56,1,0,1,0
6087,0,27,0,0,1,0
6088,0,29,1,0,0,0
6089,0,34,1,4,1,0
6090,0,22,0,0,0,1
6091,1,40,1,5,1,1
6092,1,31,1,0,1,1
6093,1,47,0,3,1,1
6094,1,24,0,8,0,1
6096,1,39,0,4,0,1
6097,1,29,0,10,0,1
6099,0,26,0,4,0,1
6100,1,61,0,2,0,0
6104,1,30,0,0,0,0
6105,1,20,0,0,0,0
6106,1,56,0,22,0,1
6107,0,50,1,3,1,1
6111,1,30,0,10,0,1
6113,1,59,0,1,1,0
6114,1,20,0,1,0,1
6115,1,23,1,4,0,0
6116,0,28,1,2,0,1
6118,1,35,1,3,0,0
6119,1,22,0,1,0,1
6121,1,22,0,0,0,1
6123,1,61,0,8,1,1
6124,1,26,0,5,1,1
6125,1,44,1,1,0,1
6126,0,34,0,0,1,0
6127,1,29,1,1,1,1
6129,1,29,0,8,0,0
6130,1,48,0,5,1,1
6131,0,31,0,0,0,0
6132,1,21,1,2,0,1
6133,1,34,1,4,0,1
6134,1,54,0,21,0,1
6135,1,20,1,4,0,1
6136,1,31,1,1,1,1
6137,1,22,1,0,1,0
6138,1,36,0,6,1,0
6139,1,34,0,9,0,1
6142,1,50,0,15,0,0
6146,1,31,0,1,1,0
6147,1,49,0,10,1,1
6148,1,21,0,2,0,1
6149,0,26,0,5,0,1
6152,0,25,1,2,0,1
6154,1,38,1,5,1,1
6155,1,35,1,2,1,0
6158,1,32,0,4,1,1
6159,1,29,1,1,1,1
6160,1,46,1,0,1,1
6161,1,53,1,1,0,0
6162,0,27,1,1,0,1
6163,1,29,1,4,0,1
6165,1,23,0,3,1,0
6167,1,24,1,1,1,0
6168,1,33,0,18,0,1
6169,1,32,0,1,0,0
6170,0,38,0,7,0,1
6171,1,40,0,20,0,1
6173,0,36,0,1,1,0
6174,1,34,0,16,0,1
6175,1,41,1,1,1,0
6176,1,57,1,7,1,1
6177,1,26,0,1,0,1
6179,1,45,0,0,1,1
6180,1,26,0,2,1,1
6181,0,48,1,0,1,1
6182,1,52,1,7,1,0
6184,0,43,0,0,1,0
6186,1,24,1,3,0,1
6187,1,27,0,11,0,1
6190,1,28,0,2,0,1
6191,1,21,0,0,0,1
6192,1,33,0,5,0,0
6193,1,25,0,1,0,1
6194,1,36,0,17,0,1
6195,0,25,1,0,0,1
6197,1,46,1,0,0,0
6198,0,24,0,0,0,1
6199,1,28,0,4,0,1
6200,1,28,0,12,0,0
6201,1,23,0,0,1,0
6205,1,50,1,1,0,0
6207,1,24,1,0,1,0
6208,0,55,0,2,1,1
6209,1,22,0,0,0,1
6210,1,38,0,14,0,1
6211,1,31,0,1,1,1
6212,0,30,0,3,1,1
6214,1,37,0,16,0,1
6215,0,41,1,1,1,0
6216,1,20,0,0,0,1
6217,1,21,1,0,1,0
6218,1,22,1,1,0,0
6219,1,38,0,7,0,0
6220,1,31,0,0,0,1
6221,1,28,1,0,0,1
6223,1,39,0,1,0,1
6224,1,34,0,22,0,1
6228,1,24,0,0,0,0
6229,1,27,0,9,0,1
6232,1,43,0,2,1,1
6233,1,26,0,1,1,1
6234,1,32,0,7,1,1
6235,0,57,1,2,1,1
6236,0,40,1,0,1,0
6237,1,33,1,6,0,1
6238,1,30,0,2,0,1
6239,1,29,1,1,0,0
6241,1,36,0,2,1,0
6243,1,35,0,6,0,1
6246,1,21,0,2,0,1
6247,1,49,0,29,0,1
6249,0,37,0,23,0,0
6253,1,29,0,3,1,1
6254,1,25,0,1,0,1
6255,1,20,0,2,0,1
6257,1,55,0,5,1,1
6258,1,26,1,0,1,0
6259,0,52,1,6,1,1
6260,1,52,0,16,0,1
6262,1,60,1,2,1,0
6263,1,44,1,0,1,0
6265,0,25,0,2,1,0
6266,0,20,1,4,0,1
6267,1,28,1,3,0,1
6269,1,22,1,1,0,1
6270,1,24,1,1,0,1
6271,0,28,0,0,1,1
6272,1,35,0,10,0,1
6273,1,30,1,0,1,0
6274,1,22,0,0,1,1
6275,1,39,0,9,0,1
6278,1,26,0,5,0,0
6280,0,23,0,0,1,1
6281,0,52,0,0,0,1
6282,0,22,0,0,0,0
6283,1,54,1,0,1,1
6284,1,50,0,2,0,0
6285,1,20,0,2,0,1
6286,1,25,1,1,1,1
6287,0,46,1,0,1,1
6289,1,22,1,0,1,0
6290,1,38,1,10,1,1
6292,0,34,0,5,1,1
6293,1,18,0,4,0,1
6294,0,26,1,3,0,1
6295,0,23,1,0,0,1
6297,1,44,1,1,1,0
6298,1,53,1,9,1,1
6300,1,27,0,4,1,1
6301,1,25,1,2,0,1
6303,1,19,1,1,0,1
6304,1,53,1,0,1,1
6305,1,39,0,0,1,0
6307,1,27,0,6,0,1
6309,0,21,0,2,0,1
6310,0,24,0,7,0,1
6311,1,33,1,0,1,0
6312,0,24,1,1,1,0
6313,1,46,1,1,1,1
6316,0,38,1,0,1,1
6317,1,30,0,13,0,1
6318,1,26,0,27,0,0
6319,1,57,1,2,1,1
6320,1,43,1,0,1,1
6321,1,22,0,0,0,0
6323,0,28,0,9,0,0
6324,1,51,1,3,1,1
6326,1,24,1,1,0,1
6327,1,48,0,3,1,1
6328,1,26,1,0,1,0
6329,1,31,0,6,1,1
6330,1,27,0,6,0,0
6331,1,25,0,0,1,0
6332,1,56,1,3,1,0
6333,0,29,0,1,1,0
6334,0,30,1,3,1,1
6335,1,21,0,0,0,1
6336,1,22,1,1,1,1
6337,0,28,0,0,1,0
6338,1,35,0,2,1,1
6339,1,23,1,0,1,1
6340,1,48,0,4,0,1
6341,1,22,1,4,0,0
6342,1,37,0,2,0,1
6343,1,33,0,0,1,1
6344,1,23,0,5,0,1
6345,1,22,0,0,0,0
6346,1,24,0,0,1,1
6347,1,44,0,2,0,0
6349,0,26,0,0,1,0
6350,1,29,0,2,0,1
6352,1,30,1,1,1,0
6353,1,23,0,1,0,1
6355,0,28,0,0,1,1
6356,1,20,0,0,1,1
6357,0,24,1,7,0,0
6359,1,37,0,6,1,1
6360,0,21,0,1,0,1
6361,1,27,0,8,0,1
6362,1,26,0,2,1,1
6363,1,42,1,0,1,0
6364,1,23,0,8,0,1
6366,0,55,1,0,1,0
6368,1,24,1,1,0,1
6369,1,23,0,0,1,0
6370,0,64,0,0,1,1
6373,0,39,0,0,0,1
6374,1,30,1,0,1,0
6375,0,22,0,1,1,0
6376,1,20,0,2,0,1
6377,1,21,0,0,1,1
6378,1,24,1,0,1,1
6381,1,30,0,3,0,0
6382,1,51,0,12,0,1
6384,1,21,0,1,0,1
6385,1,31,0,1,0,1
6386,1,23,0,2,0,0
6388,1,32,0,4,1,1
6389,1,28,0,11,0,1
6391,1,24,0,0,1,1
6392,0,19,0,1,1,1
6394,1,29,0,3,1,1
6395,1,41,0,6,0,1
6396,1,28,0,4,1,0
6397,1,29,1,6,1,1
6398,1,49,1,0,0,1
6399,1,42,1,0,1,0
6400,1,38,0,4,1,0
6401,1,22,0,3,0,1
6402,1,46,1,0,1,0
6404,1,38,0,0,1,1
6405,1,36,0,0,0,1
6407,1,22,1,6,0,1
6408,1,29,0,11,0,0
6410,1,39,0,2,1,0
6411,1,47,1,0,1,0
6412,1,26,0,7,0,1
6413,0,21,0,0,0,1
6415,1,63,0,2,1,0
6416,1,27,0,2,1,1
6417,1,55,1,27,0,0
6423,1,26,1,0,0,1
6424,1,37,1,1,1,0
6426,1,34,0,0,1,1
6428,1,25,0,2,0,1
6432,1,32,0,8,0,1
6433,0,25,0,5,0,1
6435,0,33,0,2,1,1
6436,1,26,0,2,0,1
6438,1,29,0,2,1,0
6439,1,28,1,6,1,0
6440,1,53,0,20,0,1
6443,1,27,1,0,1,1
6444,1,48,1,0,1,1
6446,1,25,1,1,1,0
6447,1,67,1,0,1,1
6448,1,29,0,2,0,0
6449,0,53,0,3,1,1
6451,1,49,0,0,1,1
6452,0,44,1,0,1,0
6454,1,26,0,10,0,1
6456,1,46,0,0,1,0
6457,1,30,1,1,1,1
6458,0,48,0,0,0,1
6459,1,77,0,1,1,0
6460,1,21,0,2,0,1
6462,1,54,0,4,1,1
6463,1,54,1,3,1,1
6464,1,26,0,15,0,1
6465,1,23,0,8,0,1
6467,1,39,1,2,1,1
6469,1,29,0,1,1,0
6470,1,30,0,9,1,0
6471,1,41,0,6,1,1
6472,1,32,0,1,0,0
6473,1,48,0,12,0,0
6475,1,52,0,0,0,0
6476,1,31,0,3,1,1
6477,1,22,1,1,0,1
6479,0,46,1,0,1,0
6481,1,29,0,7,1,1
6482,0,22,0,0,0,1
6484,1,39,0,8,1,1
6485,1,35,0,9,0,1
6486,1,26,0,1,1,0
6487,1,27,0,1,1,1
6488,1,27,0,5,0,1
6489,0,34,1,10,0,1
6493,0,32,0,0,1,0
6495,1,25,0,5,0,1
6496,1,22,1,2,0,0
6498,1,52,0,7,0,1
6499,1,21,0,2,0,1
6500,1,28,0,11,0,1
6503,1,23,1,4,1,0
6505,1,31,0,1,1,0
6506,1,34,1,1,0,0
6507,1,32,0,0,1,0
6508,0,50,1,0,1,0
6509,1,27,0,1,0,0
6510,0,26,0,4,1,1
6511,1,27,0,4,0,1
6512,1,29,1,0,1,1
6514,1,58,0,0,1,0
6515,1,27,0,14,0,1
6516,1,28,0,5,0,1
6517,1,24,0,15,0,1
6519,1,50,1,0,1,0
6520,0,30,0,15,0,1
6523,1,43,1,0,1,1
6524,1,24,1,0,1,1
6525,1,34,0,10,0,1
6527,1,26,1,2,1,1
6528,1,31,1,0,1,1
6529,1,23,0,1,1,1
6530,1,39,0,0,1,1
6531,1,50,0,4,1,1
6532,0,22,0,0,0,0
6533,0,25,0,0,1,0
6534,0,21,0,2,0,1
6535,1,20,1,1,1,1
6536,1,54,0,12,0,0
6537,0,27,0,2,0,1
6538,1,45,1,5,0,1
6539,1,34,0,13,0,1
6540,0,55,1,0,1,1
6541,1,24,0,0,1,0
6542,1,20,0,0,0,1
6543,1,37,0,5,0,0
6544,0,34,1,1,1,0
6545,0,41,0,2,0,1
6546,1,21,0,1,0,1
6547,1,22,0,3,1,1
6548,1,24,0,0,0,1
6549,1,42,1,8,1,1
6550,0,23,0,0,1,0
6553,1,20,1,0,1,0
6554,0,44,1,0,1,1
6555,1,20,0,0,1,0
6556,1,27,0,5,0,0
6557,1,20,1,0,0,0
6558,1,20,0,0,0,1
6559,1,28,1,1,1,1
6560,1,29,0,9,0,1
6561,1,21,0,0,0,1
6563,0,24,0,2,0,1
6567,0,24,0,0,0,1
6568,1,23,0,3,0,1
6569,1,27,1,0,1,1
6570,1,24,1,0,1,1
6571,1,31,0,6,0,0
6572,1,22,0,0,1,1
6575,1,54,1,0,1,1
6577,0,35,0,7,0,1
6578,0,53,0,0,0,1
6579,1,26,0,9,1,0
6580,1,48,0,7,1,0
6582,0,56,0,2,1,0
6583,1,25,0,6,0,1
6584,0,49,1,0,1,1
6585,1,34,1,0,1,0
6586,1,21,0,0,0,0
6587,1,23,1,0,0,1
6588,1,57,1,0,1,1
6591,1,25,1,5,0,1
6592,0,42,0,1,0,1
6593,1,51,0,1,0,1
6597,1,53,0,13,0,0
6598,0,43,0,6,0,1
6599,1,34,0,0,1,1
6600,0,27,1,2,0,1
6601,1,51,0,0,1,0
6602,1,26,1,1,1,0
6603,1,47,0,5,0,1
6604,1,22,1,0,1,1
6605,0,36,1,0,1,1
6607,1,41,1,4,1,1
6610,1,25,0,6,0,0
6614,1,33,1,0,1,0
6616,0,44,1,3,1,1
6617,1,46,1,0,1,1
6618,0,28,0,1,1,1
6619,1,28,0,5,0,1
6620,1,66,0,5,1,1
6621,1,20,1,0,1,0
6622,1,27,0,2,1,1
6624,1,25,0,3,1,1
6626,0,39,0,1,0,1
6627,0,41,0,7,1,1
6628,1,26,0,0,1,1
6629,1,25,0,2,0,0
6632,1,22,0,2,0,1
6634,1,25,0,7,0,1
6638,0,20,1,0,0,0
6639,1,56,1,5,0,0
6640,1,25,0,5,0,1
6641,0,48,0,1,1,1
6642,1,21,0,1,0,1
6643,1,31,1,2,1,0
6644,1,35,1,0,1,0
6646,1,34,0,2,1,1
6647,1,32,0,0,0,1
6649,0,31,0,1,1,1
6654,1,31,0,11,0,0
6655,1,28,0,3,1,0
6657,0,27,0,10,0,1
6658,1,24,0,0,0,1
6659,1,49,1,0,1,1
6660,0,40,1,0,1,1
6661,1,22,0,4,0,0
6662,1,28,0,5,1,1
6664,1,24,0,2,0,1
6665,1,49,1,1,1,0
6666,1,33,1,0,0,0
6669,1,44,1,0,0,1
6670,1,41,0,12,0,1
6671,1,46,1,0,1,1
6672,1,57,0,2,1,0
6674,1,32,0,0,0,1
6675,1,36,0,1,0,0
6676,1,30,0,1,0,0
6677,1,28,0,0,1,0
6678,1,31,1,3,1,0
6679,1,29,0,8,0,1
6680,1,21,0,1,0,0
6681,1,23,0,5,0,1
6683,1,25,1,4,0,1
6684,0,49,0,25,0,1
6687,0,25,0,1,0,0
6689,1,35,0,9,0,1
6692,1,32,0,0,0,0
6693,0,23,0,0,1,0
6695,1,23,0,4,0,1
6696,0,26,0,0,0,0
6697,1,31,0,9,0,1
6698,1,22,0,0,1,0
6699,0,20,1,0,0,1
6700,1,24,0,1,1,1
6701,1,37,0,0,0,0
6702,1,29,0,0,0,1
6704,1,29,0,9,0,1
6705,1,49,1,3,1,1
6706,1,31,0,2,1,1
6707,1,59,1,0,1,0
6708,1,39,0,2,1,0
6709,1,23,0,1,0,1
6710,1,27,0,3,1,1
6711,1,22,0,1,0,1
6712,1,21,1,0,0,1
6713,1,36,0,0,1,1
6714,1,30,0,10,0,1
6715,1,31,1,3,0,0
6719,1,26,1,0,1,1
6720,1,24,0,0,1,0
6722,1,27,0,11,0,1
6723,1,28,1,4,1,1
6725,1,54,1,3,1,1
6726,1,57,1,0,1,0
6728,1,30,0,2,1,1
6730,0,31,0,4,0,1
6731,1,29,1,0,1,1
6734,1,22,0,0,1,0
6736,1,35,0,0,0,0
6737,1,29,0,2,1,1
6738,1,30,0,14,0,1
6740,1,27,0,2,0,1
6741,0,63,1,0,1,0
6742,1,27,0,6,0,1
6744,1,36,1,0,0,1
6746,1,21,0,0,0,1
6747,1,23,1,1,1,1
6749,1,40,0,1,1,1
6750,1,30,0,3,0,0
6751,1,41,0,1,0,0
6752,1,56,1,0,1,0
6753,1,23,0,1,1,1
6754,1,61,0,14,1,0
6756,1,20,0,0,0,1
6757,1,49,1,2,1,1
6758,1,31,0,6,0,1
6759,1,50,0,7,0,1
6760,0,31,0,3,1,0
6761,1,32,0,4,0,1
6763,1,44,0,0,1,1
6765,1,62,0,0,1,0
6766,1,43,0,3,1,1
6768,0,24,0,1,1,0
6769,1,41,0,13,0,1
6770,1,23,1,0,0,0
6773,1,67,1,0,1,0
6776,1,20,0,0,0,1
6778,1,29,0,3,0,0
6780,0,34,1,0,1,1
6783,1,29,0,0,1,1
6784,1,46,0,4,1,1
6785,1,31,0,9,0,0
6786,1,24,0,1,1,0
6787,1,28,0,1,1,1
6788,0,25,0,0,1,0
6789,0,24,0,0,0,0
6792,1,36,1,1,1,1
6793,1,25,0,2,0,0
6794,1,29,1,0,1,1
6795,0,26,1,1,0,1
6796,1,23,0,3,0,1
6798,1,32,0,4,0,1
6800,0,26,1,0,1,1
6802,1,35,1,0,1,0
6803,1,23,0,0,1,0
6804,0,46,1,0,1,0
6805,1,41,1,0,1,1
6806,1,22,1,0,0,0
6807,1,27,0,7,0,0
6809,0,24,0,1,0,1
6810,1,27,0,10,0,1
6811,1,22,1,1,0,0
6813,1,26,0,3,0,0
6814,1,26,1,7,0,0
6815,1,29,1,3,1,1
6816,0,42,0,17,0,1
6817,1,30,0,0,1,0
6818,1,34,1,1,0,1
6819,1,23,1,3,0,0
6820,0,47,1,0,1,0
6821,1,55,1,2,1,0
6824,1,43,0,2,0,1
6825,1,45,0,38,0,1
6827,0,61,1,15,0,1
6829,1,49,1,0,1,1
6830,1,49,0,1,1,0
6831,1,42,0,1,1,1
6832,1,24,0,1,0,0
6833,1,51,1,0,1,1
6836,1,26,1,2,1,1
6837,1,28,1,2,1,1
6838,1,49,0,2,1,1
6841,1,56,1,1,1,1
6842,1,53,1,8,1,0
6845,1,41,1,3,1,0
6846,1,45,0,6,1,1
6848,0,21,0,0,0,1
6849,1,27,1,2,1,0
6850,1,21,0,0,1,1
6851,1,31,1,0,1,1
6853,1,30,0,8,0,1
6855,1,23,0,0,1,1
6856,1,52,1,1,1,1
6857,1,48,0,11,1,0
6858,0,51,0,3,1,0
6859,1,30,1,1,1,0
6860,0,29,0,5,1,1
6861,0,44,0,0,1,1
6862,1,34,0,12,0,1
6864,1,28,0,5,0,1
6865,1,28,0,9,0,1
6867,0,34,1,0,1,1
6868,1,23,0,3,0,0
6869,1,71,1,3,1,0
6870,1,45,1,2,1,0
6872,1,29,0,0,1,0
6877,1,52,0,17,0,1
6879,1,21,0,0,0,0
6880,1,29,1,2,1,0
6881,1,54,1,0,1,0
6884,1,27,1,0,1,1
6885,1,29,1,1,1,0
6888,0,23,0,2,0,0
6890,0,65,1,1,1,1
6892,1,31,0,15,0,1
6893,1,31,1,0,1,1
6894,1,21,0,0,0,1
6895,1,27,0,17,0,1
6896,1,33,1,1,1,1
6897,1,25,0,3,0,1
6898,1,39,1,1,1,1
6899,1,29,0,8,0,0
6900,1,27,0,15,0,1
6901,0,42,1,0,1,1
6902,1,21,1,0,0,1
6903,1,27,0,5,0,0
6904,1,36,0,2,0,0
6905,0,24,0,0,1,1
6906,0,67,1,0,1,0
6909,1,39,0,3,1,1
6912,0,25,0,1,1,1
6913,1,40,1,8,0,1
6914,1,37,0,4,1,0
6915,0,42,0,8,0,1
6917,1,26,0,8,0,1
6918,1,23,0,1,0,0
6920,0,31,1,1,1,0
6922,1,26,1,4,0,1
6923,1,51,1,2,1,0
6924,1,67,1,0,1,0
6925,1,27,0,10,0,1
6926,0,26,1,1,0,0
6927,1,55,0,3,0,0
6930,1,28,1,0,1,0
6931,0,51,1,0,1,0
6932,1,28,0,13,0,1
6933,1,22,0,0,0,1
6934,1,26,0,2,1,1
6935,0,27,0,1,1,1
6936,1,32,0,5,1,0
6937,1,36,0,11,0,1
6938,1,27,0,4,0,0
6939,1,41,1,1,1,1
6940,1,24,0,12,0,0
6941,1,61,0,11,1,1
6942,0,29,1,3,1,1
6943,1,34,1,11,1,1
6944,1,45,1,0,1,1
6945,1,21,1,3,0,1
6946,1,28,0,20,0,1
6948,1,31,1,6,1,1
6949,1,59,1,0,1,0
6950,1,40,0,8,1,0
6951,0,22,1,1,0,0
6952,1,21,0,1,1,0
6954,1,25,1,2,0,1
6955,0,25,0,1,0,1
6956,1,47,0,3,0,0
6958,1,21,0,5,0,0
6959,1,29,0,1,0,1
6960,1,40,1,4,0,1
6962,1,39,1,0,1,0
6964,0,30,0,0,0,0
6966,1,25,1,0,0,0
6967,0,21,1,0,0,0
6968,1,25,1,0,1,0
6970,1,27,0,5,0,0
6971,1,45,1,4,1,0
6972,1,32,0,4,1,1
6973,1,22,0,0,0,0
6975,0,44,0,6,0,1
6978,1,23,0,0,1,1
6979,1,46,1,0,1,1
6980,1,33,1,2,1,1
6982,0,40,1,3,1,1
6983,1,54,1,7,1,1
6984,1,21,1,0,0,0
6985,1,43,1,6,1,0
6987,1,22,0,0,0,0
6988,1,31,0,0,0,1
6989,1,32,0,6,0,1
6992,1,21,0,1,0,0
6993,1,23,1,0,0,0
6994,1,33,0,3,0,0
6995,1,64,0,0,1,0
6997,1,20,0,0,1,1
6998,1,26,1,1,1,0
6999,1,30,0,18,0,1
7001,1,23,0,10,0,1
7002,1,60,0,13,0,1
7003,1,46,0,2,0,1
7005,1,56,1,0,1,0
7006,0,45,0,0,1,1
7007,1,26,0,4,1,1
7008,0,47,0,4,0,0
7009,0,29,0,7,0,1
7010,1,32,0,9,0,1
7013,1,29,0,10,0,1
7015,1,22,0,1,0,1
7017,0,28,0,1,1,1
7018,1,36,1,0,1,1
7020,1,24,0,0,0,1
7021,1,33,0,9,0,0
7022,1,46,0,2,0,0
7023,1,31,1,9,0,0
7024,1,49,1,3,0,1
7025,1,24,0,0,1,1
7026,1,57,0,28,0,1
7027,1,36,0,14,0,1
7028,1,43,0,23,0,1
7029,1,42,0,0,0,0
7030,1,32,1,4,0,1
7031,1,26,1,1,1,1
7032,1,74,1,0,1,0
7033,1,24,0,3,0,1
7036,1,33,0,2,1,0
7037,1,22,0,1,0,0
7038,1,50,1,4,1,0
7039,0,28,1,7,0,1
7040,0,35,0,5,0,1
7041,1,33,0,0,1,1
7042,0,36,0,1,1,0
7043,1,28,0,2,1,1
7044,1,63,0,1,1,1
7046,0,69,1,5,1,1
7047,1,41,0,18,0,1
7048,1,44,1,1,1,0
7049,0,29,0,0,1,1
7050,0,52,1,0,1,0
7051,1,23,0,1,0,1
7053,1,26,1,0,1,1
7054,1,24,0,0,0,0
7055,1,45,0,4,1,0
7057,1,24,0,4,1,1
7059,1,47,0,0,1,0
7061,1,26,0,0,1,1
7062,1,36,0,9,0,1
7063,1,33,1,2,1,0
7064,1,52,1,1,1,0
7065,1,51,1,0,1,1
7067,1,47,0,7,1,1
7068,1,38,1,1,1,0
7069,1,67,1,1,1,1
7070,1,47,0,1,1,1
7071,1,66,1,0,1,0
7072,1,39,1,0,1,1
7073,0,49,1,2,1,0
7074,0,45,0,9,0,0
7076,0,46,1,7,0,1
7077,1,29,0,15,0,1
7078,1,28,0,2,0,0
7079,0,22,0,0,1,1
7080,1,20,0,1,0,1
7081,1,34,1,5,1,1
7083,1,22,0,8,1,1
7084,1,25,1,3,0,0
7086,1,34,0,1,0,1
7087,1,34,1,1,0,1
7088,1,54,0,10,1,1
7090,0,36,1,5,1,1
7092,1,30,0,8,0,1
7094,0,23,0,1,1,1
7095,1,40,1,0,1,1
7098,0,27,1,0,0,0
7100,1,25,0,3,0,1
7101,1,47,0,14,0,0
7102,0,27,0,3,0,1
7103,1,38,0,16,0,0
7104,1,27,0,0,1,0
7106,1,30,1,4,0,1
7108,1,33,0,4,0,0
7109,0,29,0,2,1,1
7111,1,56,0,31,0,1
7112,1,26,0,0,1,1
7113,0,28,0,5,0,1
7114,1,43,0,5,0,0
7115,1,29,0,2,1,1
7116,1,22,0,1,0,1
7117,1,74,1,2,1,1
7118,1,47,0,4,0,1
7119,0,42,1,4,0,1
7120,0,43,1,0,1,0
7121,0,28,0,6,0,0
7122,0,24,0,0,1,1
7124,1,56,0,0,1,0
7126,1,49,1,0,1,1
7129,0,24,1,1,1,1
7130,1,30,0,3,1,1
7131,1,28,1,11,0,1
7133,0,39,0,1,0,1
7134,0,26,0,4,0,1
7135,1,56,0,4,0,1
7136,1,58,1,8,1,0
7137,1,33,0,3,1,1
7138,0,31,0,9,0,1
7140,1,25,1,5,0,0
7141,1,25,1,7,0,0
7143,1,20,0,1,0,1
7144,0,30,1,3,0,1
7145,1,29,1,14,0,1
7148,1,21,0,0,0,1
7150,1,44,0,11,0,1
7151,1,30,1,2,1,1
7152,1,35,0,12,0,0
7153,1,34,1,4,0,1
7154,1,26,0,2,1,0
7155,1,51,1,4,1,0
7156,1,36,0,0,1,0
7157,1,26,1,3,1,0
7158,1,21,0,1,0,1
7159,1,59,0,5,0,0
7160,1,29,0,7,0,1
7162,1,37,0,4,1,1
7163,1,41,1,0,1,0
7165,1,23,0,0,0,1
7166,0,54,1,1,1,0
7167,1,30,1,2,0,0
7168,1,28,1,0,1,0
7169,1,22,0,0,0,0
7170,1,21,0,0,0,1
7171,1,27,0,1,0,0
7172,1,61,0,4,0,0
7175,1,60,1,0,1,0
7178,0,22,1,1,0,1
7179,0,49,1,3,1,1
7180,0,61,1,1,1,0
7181,1,51,0,7,0,0
7182,0,49,1,2,0,1
7183,0,24,0,0,0,1
7184,0,36,1,4,0,0
7185,1,42,1,5,1,1
7186,1,36,0,9,1,1
7187,1,57,1,14,1,1
7188,1,36,1,0,1,0
7189,1,34,0,3,1,0
7190,1,24,0,2,1,0
7192,1,32,1,0,1,1
7193,1,25,0,1,1,1
7194,0,30,1,2,1,0
7195,1,35,0,8,0,0
7196,1,43,0,0,1,0
7197,1,28,0,1,1,1
7198,1,32,0,4,0,1
7199,1,23,1,0,0,1
7200,0,20,0,0,0,0
7201,1,30,0,19,0,1
7204,1,30,0,2,1,0
7206,1,21,1,0,0,0
7207,1,30,0,0,1,0
7208,1,20,0,0,0,1
7209,1,23,0,0,0,1
7210,1,23,0,0,1,1
7212,0,33,0,3,1,0
